Date,Tweet_id,Username,Tweet,no_of_replies,no_of_retweets,no_oflikes
2023-01-25 07:09:01+00:00,1.61814E+18,grd11111,@pepsi Yo! Pepsi Zero with Lime or Vanilla would be awesome.,0,0,0
2023-01-25 07:08:47+00:00,1.61814E+18,sanket_comm,"The #superstar who shattered all boundaries with box office hits like KGF &amp; KGF 2, megastar @TheNameIsYash has joined hands with @PepsiIndia for their latest #adcampaign. 

#marketing #Advertising #Pepsi #celebrity #Sanket #TheBetterWay #Ads

Find more at: https://t.co/BIFxXGrpp2",0,0,0
2023-01-25 07:08:45+00:00,1.61814E+18,CBuittner1993,"Anyone can be an author today, you write something, find a company, pay them, boom published!

I spend $3,500 for Violet and another $1,000 on marketing, for COVID to have it all virtual.

I didn't get to do that Pepsi commercial, that was going to be my payment for this book. https://t.co/KCM8HsQKCd",1,0,0
2023-01-25 07:08:41+00:00,1.61814E+18,Dave94360317,@iluminatibot Water is so dangerous I only drink Pepsi now,1,0,0
2023-01-25 07:08:32+00:00,1.61814E+18,mirafuleus,PEPSI GIRL IS ZON BIMBO i love her https://t.co/Ux1f27hJCn,0,0,0
2023-01-25 07:08:30+00:00,1.61814E+18,LeskoBrandon9,@SjamaanN I don't drink Pepsi anyway.,0,0,0
2023-01-25 07:08:18+00:00,1.61814E+18,slideme,Coca Cola could be joining the likes of KFC and Pepsi in launching a phone. https://t.co/B3cAdV3XrK,0,0,0
2023-01-25 07:08:07+00:00,1.61814E+18,LiteT0NY,"2. Big Names: those of us that have been in the space for a while know fully well that the big brands are not here to give to the community, but are here to take from the community, brands like Nickelodeon, Pepsi, Porsche and many others, be very careful and don't follow the hype",1,0,0
2023-01-25 07:06:33+00:00,1.61814E+18,MoonMuerto,I might be the only Mexican on planet earth that likes Pepsi over coke,0,0,0
2023-01-25 07:06:20+00:00,1.61814E+18,lethbridgejimbo,"@MidniteOil55 I prefer Coke over Pepsi, but RC Cola is superior to both, and it's not even close.",0,0,0
2023-01-25 07:05:43+00:00,1.61814E+18,jennbeck32,@SjamaanN Pepsi and kool-aid can go. I haven't had any soda in over 20 years anyway.,0,0,0
2023-01-25 07:04:29+00:00,1.61814E+18,toxient,@ckaliforniia Pepsi&gt;coke but cherry coke&gt;all,0,0,0
2023-01-25 07:03:57+00:00,1.61814E+18,CardsJbid,@SawyerMerritt Those are Pepsis,0,0,0
2023-01-25 07:03:06+00:00,1.61814E+18,songimnida_,not at yunhyeong drinking pepsi after drinking hibiscus tea üòÖ https://t.co/pjprO29OhB,0,1,3
2023-01-25 07:02:26+00:00,1.61814E+18,Office48423771,Pepsi Co. has roped in Kannada star #Yash as their Indian Brand Ambassador. Watch out guys #YashBOSS #Yash19 #YashBOSS  @TheNameIsYash https://t.co/bJnKFwRUNw,0,0,0
2023-01-25 07:02:22+00:00,1.61814E+18,Heatherinspaces,@Stormy_Iife Toss the Pepsi,1,0,0
2023-01-25 07:02:21+00:00,1.61814E+18,Tomisin_kuyeee,@_directorbraham Pepsi just Dey carry everybody,0,0,0
2023-01-25 07:01:23+00:00,1.61814E+18,ShadowRC721,@patrickdron19 @koolaid @pepsi Understood. üòä,0,0,1
2023-01-25 07:00:47+00:00,1.61814E+18,patrickdron19,"don't get me wrong @koolaid is tasty but I don't drink it enough rarely if it all and decided on that because just couldn't get rid of ‚òïÔ∏èor sweet tea, or @pepsi :)",1,0,0
2023-01-25 07:00:39+00:00,1.61814E+18,JayJPup,"I just voted for @GarrettWilson_V for the Pepsi Zero Sugar Offensive Rookie of the Year! Fans pick the winner, so go vote @nyjets Fans!!! https://t.co/oBGpDqHCzv",0,0,0
2023-01-25 06:58:43+00:00,1.61814E+18,dsa_hanshiarka,@GregvsMatt @pepsi @Madonna Now look where Madonna is and look where Pepsi is. Their loss!,0,0,0
2023-01-25 06:58:33+00:00,1.61814E+18,JayJPup,"I just voted for @iamSauceGardner for the Pepsi Zero Sugar Defensive Rookie of the Year! Fans pick the winner, so go vote @nyjets Fans!! https://t.co/oBGpDqHCzv",0,0,0
2023-01-25 06:57:29+00:00,1.61814E+18,MaxwellAsh18,@pepsi Hello üëã it's been long I have seen Pepsi in Ghana üá¨üá≠.  Can you kindly get an ever trending and controversial but biggest music star in the person of @shattawalegh as ambassador in Ghana please?,0,0,0
2023-01-25 06:57:04+00:00,1.61814E+18,bmc875,"@Dino_HearMeRoar @Pepsi_Kid123 @LisaSteel15 @g_lamarche Words are important. The English language is very rich and comes in many 'flavours'.  

I strongly recommend some research before responding to tweets. Some may not all they may seem.

I also note you are 100% anon. And eager to be offended.

Think on sunshine!",0,0,0
2023-01-25 06:56:59+00:00,1.61814E+18,astroturtle29,@NFL @Kenneth_Walker9 @pepsi Yessir,0,0,0
2023-01-25 06:56:34+00:00,1.61814E+18,NickB1016,In the store where it belongs‚Ä¶ Pepsi is a vastly superior product ü§∑üèº‚Äç‚ôÇÔ∏è,0,0,0
2023-01-25 06:55:13+00:00,1.61814E+18,coburn64,"@KIRISCUK Ahh, reminds me of what I do, usually crash at like 1 AM and then get woken up around 8 AM. 

Used to drink Pepsi Max on the school nights back then too‚Ä¶ yeah‚Ä¶ that kept me awake when I should have been asleep‚Ä¶",0,0,0
2023-01-25 06:54:53+00:00,1.61814E+18,carbonateddave,Pepsi drinkers are the boss of the pirate ship! #pepsi,0,0,0
2023-01-25 06:54:45+00:00,1.61814E+18,terrapog,@laura_stahl I would have called it Dew since me and my sister nicknames Alear Miss Pepsi due to her color scheme but  i forgot to give it a nickname so it's still Sommie,0,0,0
2023-01-25 06:54:34+00:00,1.61814E+18,SekerciNale,@pepsi Yes cap,0,0,0
2023-01-25 06:53:55+00:00,1.61814E+18,AjithRsy,"Welcome Pepsi to BOSS world üí•

 @PepsiIndia #RiseUpBaby 
#YashBOSS #Yash19 @TheNameIsYash",0,0,0
2023-01-25 06:53:32+00:00,1.61814E+18,Unbreakable75,@GregvsMatt @pepsi @Madonna That watch! üòç,0,0,0
2023-01-25 06:53:24+00:00,1.61814E+18,Dreamsaboutkpop,"you see it, do it!

pronouns: she/her
height: 5‚Äô8
shoe size: 8
zodiac sign: cancer
smoke: no
tattoos: no
piercings: earlobes
fav color: purple and yellow
fav drink: Fanta twist, peach Fanta, Pepsi max",0,0,0
2023-01-25 06:52:36+00:00,1.61814E+18,mike_oilar28,@NFL @pepsi K9 Kenneth Walker lll,0,0,0
2023-01-25 06:52:16+00:00,1.61814E+18,CalDamage,"@SjamaanN Pepsi, of course.",0,0,0
2023-01-25 06:51:28+00:00,1.61814E+18,robotmae3000,we are the tally hall my pepsi,0,0,0
2023-01-25 06:50:41+00:00,1.61814E+18,Bishoy_Sabry,@Ford Here comes the @pepsi-blue! https://t.co/vV3P14IDhZ,0,0,0
2023-01-25 06:50:27+00:00,1.61814E+18,rabbitlakebot,vivbot and i just snorted 3 bags of coke and pepsi. along with meth,0,0,0
2023-01-25 06:49:04+00:00,1.61814E+18,bjaminguitars,@NFL @pepsi SAUCE!,0,0,0
2023-01-25 06:47:48+00:00,1.61814E+18,Aaliyah_Lillli,You want ‚ÄúPrincess treatment only‚Äù but Shey princess dey use teeth open pepsi?,10,12,45
2023-01-25 06:46:36+00:00,1.61814E+18,mouse821,"@PynkEmber @MadScientistFF Heather, you have great taste. Have you tried Wild Cherry Pepsi? How do you think they compare in taste? I don‚Äôt think it‚Äôs too bad. I buy it when they are out of the Cherry Coke in the stores here. ü•§üçí
Yes, Mexican Coke must be so good. All I hear is people raving about itüòã",0,0,1
2023-01-25 06:45:41+00:00,1.61814E+18,TEFXZEPPELIN,im positive and motovational for 1 hour a day then i expire. my empathy go flat like pepsi in the fridge.,0,0,0
2023-01-25 06:45:28+00:00,1.61814E+18,AriasBeams,@69Pox Literally drank Diet Pepsi at 9am with a sandwich. Every day imma PR imma have that same meal idc it‚Äôs tradition now,0,0,0
2023-01-25 06:44:59+00:00,1.61814E+18,Letsgoonandon,Bought a bottle 'o Pepsi. https://t.co/uPhPnjPnmo,0,0,1
2023-01-25 06:42:55+00:00,1.61814E+18,BustinMyAsphalt,"@SjamaanN I don't drink Pepsi, tea or coffee so kool-aid and mountain dew for me",0,0,0
2023-01-25 06:40:53+00:00,1.61814E+18,w3bsag3,"That's Progress

Is it cultural appropriation for modern Egyptians to claim ancient Egyptian culture (e.g. the pyramids)?

Arab conquest of Egypt, led by the army of 'Amr ibn al-'As, took place between 639 and 646 AD

Pyramids and Pepsi, 1970s. https://t.co/4XEY8PxKrH",0,0,0
2023-01-25 06:40:28+00:00,1.61814E+18,qgtmave,@nyjets @iamSauceGardner @GarrettWilson_V @pepsi Show some love Jets üíö https://t.co/wxdnWdzwDG,0,0,0
2023-01-25 06:39:37+00:00,1.61814E+18,CronaTizona_,@nyjets @iamSauceGardner @GarrettWilson_V @pepsi Done! üëç https://t.co/zRVevzrv8o,0,0,0
2023-01-25 06:38:53+00:00,1.61814E+18,Shirtup__shop,"I will try as much as i can to avoid Malt same way, i avoid Pepsi.",0,0,0
2023-01-25 06:36:49+00:00,1.61814E+18,christian_enbot,Pepsi is an infidel beverage,0,0,0
2023-01-25 06:36:23+00:00,1.61814E+18,HloniSebea,@IKEKHUMALO2 @pepsi_nala Beautiful scenes,0,0,0
2023-01-25 06:36:12+00:00,1.61814E+18,SasuSinabros,"If you see it, do it! *bows*

Pronouns   : He/Him
Height   : 6‚Äô4‚Äù
Zodiac Sign   : Libra ‚ôéÔ∏è 
Smoke         : Yes (too much)
Tattoos        : 1 (shoulder)
Piercings     : None
Fav color      : üñ§
Fav drink      :  Pepsi",0,0,0
2023-01-25 06:35:59+00:00,1.61814E+18,hdultra2015,@flatoutt @culvers @pepsi Ahh you poor people. Can't order food without a drink. The world is coming to and end. If I go somewhere and coke isn't available I drink Pepsi. Oh what a novel idea. Suck it up.,0,0,0
2023-01-25 06:35:12+00:00,1.61814E+18,ROCKIN6to6,Listen To Great Music Like.... 01 Bring My Back Cadillac by @pepsi On https://t.co/ttDs9OfHyy.....ROCKIN626!  Listen on any device just go here https://t.co/B4pC4iPy0E,0,0,0
2023-01-25 06:34:25+00:00,1.61814E+18,DGengar94,"Pepsi is better then Coca-Cola 

Dr. Pepper is better then Pepsi

#Pepsi",0,0,0
2023-01-25 06:33:34+00:00,1.61813E+18,donalds_says,"REPLY ""PEPSI"" TO COLLECT CONDOMINIUM",0,0,0
2023-01-25 06:33:22+00:00,1.61813E+18,jahowel326,"@josephdelong ill have a ""pepsi no ice"" https://t.co/F4iui9eNxL https://t.co/PFmiSDhWwh",0,0,0
2023-01-25 06:33:12+00:00,1.61813E+18,WSN43,"@WonderKing82 I can get rid of two, Pepsi and kool aid. Don‚Äôt touch my tea and coffee!üò°",0,0,0
2023-01-25 06:32:36+00:00,1.61813E+18,boobiesnbourbon,None. Where‚Äôs the Dr Pepper or Pepsi???,0,0,0
2023-01-25 06:32:04+00:00,1.61813E+18,jayblacksheep,@Chimaob00448343 @IKEKHUMALO2 @pepsi_nala The guy is South African,0,0,0
2023-01-25 06:31:24+00:00,1.61813E+18,loveforpeterr,@chriss_pepsi i just added youu,0,0,0
2023-01-25 06:30:16+00:00,1.61813E+18,LordWolf91,@SjamaanN Pepsi for sure. I don‚Äôt like it (or Coca-Cola) to begin with so it‚Äôs no real loss for me personally,0,0,0
2023-01-25 06:30:03+00:00,1.61813E+18,FrenchFry_Ty,"@nwehunt @NFL @Kenneth_Walker9 @pepsi Sauce was targeted much less because he's much better. When you're targeted less, you get less interceptions. Sauce had the number one coverage grade and the number one receptions allowed grade in the NFL (PFF). INTs aren't important when you're the best at coverage in the NFL.",1,0,0
2023-01-25 06:29:53+00:00,1.61813E+18,eoghan_connelly,@afrosabi Is Irish Pepsi better too??,0,0,0
2023-01-25 06:28:49+00:00,1.61813E+18,DJ_Chainsaw_1,@SjamaanN I really don't drink tea or coffee but Pepsi is just foul!,0,0,0
2023-01-25 06:28:38+00:00,1.61813E+18,muimbi_princem,@IKEKHUMALO2 @pepsi_nala Community knows how to deal with killers. How he get out of that Trye.,0,0,0
2023-01-25 06:27:22+00:00,1.61813E+18,SapphicWombat,"If you see this, Dew it

Pronouns: She/her
Height: 5'8
Zodiac Sign: Virgo 
Tattoos: None
Piercings: None
Fav Colour: Purple &amp; black
Fav Drink: Pepsi
Fav Show: Stranger Things
Fav Movie: ....
Fav Game: Minecraft",0,0,0
2023-01-25 06:26:35+00:00,1.61813E+18,NotMoxi,"@dyIanbonito dr pepper is so overrated dawg that shit tastes like trash to me
cola
sprite
fanta exotic
fanta mango
7Up
Mountain Dew
pepsi
sunkis
crush 
all better not close at all",1,0,0
2023-01-25 06:26:04+00:00,1.61813E+18,Tunlashmurda,@Pepsi_Naija I‚Äôm in,0,0,0
2023-01-25 06:26:02+00:00,1.61813E+18,ZShaath,@JasonEAlt Seems like basic physics tbh. Even Pepsi would burst.,0,0,0
2023-01-25 06:25:31+00:00,1.61813E+18,carboncompanies,Greetings eco-friendlies! Your number one contaminating company Pepsi is partially responsible for HALF A MILLION tonnes of plastic pollutionüò®! Did you know  everyone has their very own carbon footprint!  Stay updated on our carbon tweets by following!,0,0,0
2023-01-25 06:24:40+00:00,1.61813E+18,ThisAJKing,@SjamaanN Pepsi - cant drink it as it makes me ill,0,0,0
2023-01-25 06:24:36+00:00,1.61813E+18,everseshop,"bump!!

wts lfb ph onhand

blackpink pepsi can (can only!) 

25 php each, take all only! (7cans) (175 pesos)

complete members pink (lisa ro≈õe jennie jisoo)
members blue (lisa ro≈õe jennie)

mop: gcash
mod: direct j&amp;t; no rush shipping!",0,0,0
2023-01-25 06:23:49+00:00,1.61813E+18,Cover2ManPod,"@206Sports3 @NFL @pepsi Seahawks-Fan, so not objective. Great franchise, Woolen was a steal, but he‚Äôs not nearly as good.",0,0,0
2023-01-25 06:23:34+00:00,1.61813E+18,Chimaob00448343,@IKEKHUMALO2 @pepsi_nala the barbarians have continued their xenophobic trade,1,0,0
2023-01-25 06:23:20+00:00,1.61813E+18,yuaxdrops,Why did they buy pepsi‚Ä¶ where is coke üòøüòøüòøüòø https://t.co/5RU1e9PPVp,1,1,3
2023-01-25 06:23:04+00:00,1.61813E+18,GlennPa76626857,"@YogaGer @SjamaanN Tories have confiscated all the Kool Aid, so Pepsi.",0,0,0
2023-01-25 06:22:18+00:00,1.61813E+18,gabiiseve,"Arena Cdmx (2014)-Pepsi Center (2015), Corona Capital(2018) üñ§üñ§üñ§üñ§üñ§#panicatthedisco #houseofmemories #sad ‚Ä¶ Haven't you people ever heard of closing the goddamn door? üéµ en CDMX https://t.co/3qdURO3UYi",0,0,0
2023-01-25 06:20:06+00:00,1.61813E+18,Newskarnataka,"I love you, pepsi, says Superstar Yash as he becomes Pepsi‚Äôs brand ambassador

#newskarnataka #NewsKannada @pepsimtvindies #southactor #SouthCinema #KGFChapter2 #Latestnews @TheNameIsYash

To Read More: https://t.co/wzemrBtNDV https://t.co/LQrrrEKsAR",0,0,0
2023-01-25 06:18:53+00:00,1.61813E+18,_JordanFlowers_,"@colingladden Da, with all due respect, fuq?

First Kool-Aid, then Pepsi, THEN tea‚Ä¶",0,0,0
2023-01-25 06:18:45+00:00,1.61813E+18,EruditeElf,"@PlainSmplGarak Oh, I'm a Pepsi girl and totally drink pop in the mornings...

Well.  I've stopped drinking pop mostly now but...",0,0,0
2023-01-25 06:17:50+00:00,1.61813E+18,ladydragonfly19,@SjamaanN Pepsi has got to go,0,0,0
2023-01-25 06:17:04+00:00,1.61813E+18,Docomalik,@ianzelbo Just to be a pedantic watch geek I would say the blnr is a current not historical model. The watch you show below the apple coke is another pepsi (the Rolex coke has been discontinued). Also there is no root beer...üôÇ,0,0,0
2023-01-25 06:16:44+00:00,1.61813E+18,TheRealMattL,@MidniteOil55 Pepsi is far too sweet to mix and taste good.,0,0,1
2023-01-25 06:16:36+00:00,1.61813E+18,independenterik,@RealSteveCox All I wanted was a PEPSI!,0,0,0
2023-01-25 06:16:26+00:00,1.61813E+18,buggableep,"i have all of the pepsi pisser, stay hydrated. like if you agree~",0,0,0
2023-01-25 06:16:19+00:00,1.61813E+18,yaboyzenyatta,Experience tranquillity : have you tried this new crystal Pepsi?,0,0,0
2023-01-25 06:15:55+00:00,1.61813E+18,msfutureworld,I prefer my Coke to be nonexistent bc Coke is disgusting. Not a Pepsi person either. ü§¢,0,0,0
2023-01-25 06:15:47+00:00,1.61813E+18,xReantt,@NadeGrinds @sapphicxswift @goal Pepsi does this against 200 place ranked country teamsüòπüòπüòπ,1,0,0
2023-01-25 06:14:46+00:00,1.61813E+18,bulimicb0ng,"bread- 54 cals 
cheese- 38 cals 
pepsi max- 1 cals https://t.co/bgSlotWVit",0,0,0
2023-01-25 06:14:38+00:00,1.61813E+18,jevan5137,@pepsi_is_great Me trying to find the code,0,0,0
2023-01-25 06:14:30+00:00,1.61813E+18,CombinationFood,"Spirit HallowpsiWhata:
The Combination Spirit Halloween and Pepsi and Whataburger

""DRINK!""
‚Äî

Try Our New Platter Tripical Chill Decoration https://t.co/yw8ASmxOTr",0,0,1
2023-01-25 06:13:56+00:00,1.61813E+18,ElJayGeeEl,"@MidniteOil55 I no longer drink much pop, but my pref between these two, or any pop is Coke. I do enjoy Pepsi, too, but Coke's my first go to.",0,0,1
2023-01-25 06:13:53+00:00,1.61813E+18,jasons_usernam3,research suggests a strong positive relationship between my number of tweets in a given evening and the number of diet pepsi‚Äôs consumed,0,0,0
2023-01-25 06:13:13+00:00,1.61813E+18,AngryTVGameNerd,PEPSI for ONSLAUGHT.,0,0,0
2023-01-25 06:12:48+00:00,1.61813E+18,Skeeezy11,"@NFL @pepsi @aidanhutch97 all day without question. Those voting otherwise are just ignorant. Numbers don‚Äôt lie; 9.5 sacks, 3 INTs, all 17 games played. First rookie to have at least seven sacks and three interceptions in a single season. Enough said.",0,0,0
2023-01-25 06:12:15+00:00,1.61813E+18,GregvsMatt,"34 years ago today @pepsi announced that they had signed @madonna to a year-long endorsement contract, including TV commercials and sponsorship for the planned 1989 Like A Prayer World Tour. While the contract was cancelled, some cool items were released üòç #Madonna #LikeAPrayer https://t.co/oqUPKOKaRZ",2,4,22
2023-01-25 06:11:50+00:00,1.61813E+18,Kaithewolf6,"If you see it, do it! 

Pronouns: He/him 
Height: 5‚Äô7
Zodiac sign: Aries ‚ôàÔ∏è 
Tattoos: No 
Smoke: No 
Fav drink: Pepsi 
Piercings: Earring 
Fav color: Red, Grey, Black,",0,0,2
2023-01-25 06:11:34+00:00,1.61813E+18,RCP_2001,@ostonox @PepsiCo Best Argument for Veganism: you never have to drink Diet Pepsi again,0,0,0
2023-01-25 06:10:09+00:00,1.61813E+18,midnitemoonIite,Funny Dedede Eat A Pepsi https://t.co/xtp5cj3C1W,1,1,10
2023-01-25 06:09:42+00:00,1.61813E+18,alex_bongus,@lilsquishbaby Sorry I'm a happily married man. But I'll give ya some tick tacks and a half empty Pepsi.,0,0,0
2023-01-25 06:08:29+00:00,1.61813E+18,Rockyadmirer18,@iam_mahboob @Harmindarboxoff @pepsi Better than your gutka ü§°,0,0,0
2023-01-25 06:07:53+00:00,1.61813E+18,Locke_PSB,"Been watching Pepsi, Where‚Äôs my Jet on Netflix.   I have lived in the Seattle area my whole life and did not know about this or that the guy who was trying to get the Harrier jet from Pepsi was from here.",0,0,0
2023-01-25 06:07:29+00:00,1.61813E+18,alyssameri21,@NFL @pepsi George Pickens,0,0,0
2023-01-25 06:07:21+00:00,1.61813E+18,Crayon_jes_spam,How dare you leave a Pepsi in my house https://t.co/taSRFvHNYQ,0,0,0
2023-01-25 06:07:09+00:00,1.61813E+18,StanKozlovski,"https://t.co/1NVDMR46Mt

Look at this BLATANT corruption from the US academy of nutrition and dietetics. They actually own stock in Pepsi and General Mills!

This video explains why I don‚Äôt trust any single study talking about healthy food. 

The corruption seems systemic.",0,0,0
2023-01-25 06:06:29+00:00,1.61813E+18,SaveCaliSoS,@NFL @pepsi There is a rookie performing at a high level that is now playing in the NFC Championship game... as a QB. Just saying. https://t.co/wpe4PPZg0u,0,0,0
2023-01-25 06:05:46+00:00,1.61813E+18,lanalyricsbot_,"if you wanna get high with me, i'm in the back doin' crack, drinkin' pepsi",0,0,0
2023-01-25 06:04:35+00:00,1.61813E+18,BIGTICKLES,@culvers I‚Äôm SO glad to hear you‚Äôll be switching from that swill they call Pepsi to @CocaCola products. Very exciting news! üòÉ,0,0,0
2023-01-25 06:04:20+00:00,1.61813E+18,lcbmine,"Yahweh says 'we win!'
Pepsi drink of the God's!!!
üòÅ
 https://t.co/D8sjONW25b https://t.co/c6oxTw70Ic",0,0,0
2023-01-25 06:04:09+00:00,1.61813E+18,hrts4jean,"pronouns   : any prns! 
height         : 4‚Äù11 / 152cm üò≠
zodiac sign : leo
smoke         : nope
tattoos        : none yet :D
piercings     : 1 pair on my ears
fav color      : blue , milk tea &amp; lilac!
fav drink      : coke/pepsi zero + iced coffee",2,0,1
2023-01-25 06:03:58+00:00,1.61813E+18,SuperFi07089142,@Pepsi_is_FUM @ThisIsITalk Bro that would be like PlayStations bull shit ps+ and also Xbox isn‚Äôt a copying person unlike PlayStation,0,0,0
2023-01-25 06:03:45+00:00,1.61813E+18,mermadiha,"Salman‚Äôs appearance is straight out of a Pepsi ad 

#PathaanReview",1,0,3
2023-01-25 06:03:13+00:00,1.61813E+18,Mechanictail_s,@AfterLi51707799 i shall banish pepsi to the dark demention,0,0,0
2023-01-25 06:03:06+00:00,1.61813E+18,funkmeister_g,"@SjamaanN Never actually had Kool-aid &amp; tea is just ""gay coffee"" so Pepsi. https://t.co/qujNXY1cqn",0,0,0
2023-01-25 06:02:52+00:00,1.61813E+18,Malikiah10,@MarioneteGaming Pepsi is better I will admit though regular Pepsi has been pretty bad lately so I stick to Wild Cherry Pepsi,0,0,0
2023-01-25 06:02:46+00:00,1.61813E+18,SaturnMissles,How come nobody makes a store brands pepsi?,0,0,0
2023-01-25 06:02:34+00:00,1.61813E+18,mfiddle14,"@Isaac__NBA the pepsi and kool aid are basically poison, as is the likely creamer being poured into that coffee.... they can all go, black coffee and tea can stay",0,0,0
2023-01-25 06:01:42+00:00,1.61813E+18,unclepatrick211,"@SjamaanN i do not drink coffee but my wife lives on it.
I live on Pepsi.
so tea is going",0,0,0
2023-01-25 06:01:33+00:00,1.61813E+18,robotmae3000,oh shit a crystal pepsi,0,0,0
2023-01-25 06:01:28+00:00,1.61813E+18,DavesVoice911,@WillDARyan Wouldest thou likest another Diet Pepsi my lord??,1,0,4
2023-01-25 06:00:40+00:00,1.61813E+18,TimTam91924344,@j_pepsi1 Sending a virtual hug to you rn pepsi dog ü§ó https://t.co/RNDvaVwP2i,0,0,0
2023-01-25 06:00:31+00:00,1.61813E+18,verynormalgf,"@dangerousm00n my starbies in the mornings definitely has more sugar and calories than the pepsi I used to drink in the mornings in high school, too",0,0,1
2023-01-25 06:00:30+00:00,1.61813E+18,callmebreak131,i‚Äôm so curious if he likes pepsi better or if coke isn‚Äôt available,0,0,0
2023-01-25 06:00:29+00:00,1.61813E+18,Greshark,@ostonox @PepsiCo Is Diet Pepsi different from Pepsi Max or is that just a regional thing? I am also curious as to why this might be and I'm not even vegan.,0,0,0
2023-01-25 06:00:09+00:00,1.61813E+18,NonjabuloPrec18,@BigBroAfrica @Pepsi_Naija Housematesüòçüòç,0,0,0
2023-01-25 05:59:30+00:00,1.61813E+18,BluPawRadio,Blu Paw Radio is playing SAINT PEPSI - Fantasy TUNE IN at https://t.co/5PHCD5t1l3 Requests: Off,0,0,0
2023-01-25 05:58:32+00:00,1.61813E+18,StateVikings,@SjamaanN Easiest choice ever. Pepsi.,0,0,0
2023-01-25 05:58:20+00:00,1.61813E+18,TheRonSwanson93,Bad economic takes should not appear on my timeline before I‚Äôve had my morning Diet Pepsi,0,0,0
2023-01-25 05:57:50+00:00,1.61813E+18,Siyabon68089631,@IKEKHUMALO2 @pepsi_nala If he killed nor raped then he deserve this treatment finish and klaar,0,0,0
2023-01-25 05:57:32+00:00,1.61813E+18,purple_boxxdye,pepsi is too good,0,0,0
2023-01-25 05:57:25+00:00,1.61813E+18,MattieM23489932,@MidniteOil55 Diet Pepsi out of can at home in front of TV vegging but regular Coke in restaurants/bars.,0,0,2
2023-01-25 05:56:52+00:00,1.61813E+18,neahfuckerbot,(tower of pepsi cans falling over),0,0,0
2023-01-25 05:56:25+00:00,1.61813E+18,lxveblxss,"pronouns: he/him
height: 5‚Äô9
shoe size: 12.5 mens 
zodiac sign: aquarius  
smoke: no
tattoos: no
piercings: no but might get some soon
fav color: light pink/purple
fav drink: excluding water prob pepsi",0,0,3
2023-01-25 05:55:04+00:00,1.61813E+18,xSehunni,"pronouns   : she/her they/them
height         : 5'3ish??
zodiac sign : Leo ü¶Å
smoke         : No, unless its üçÉ
tattoos        : none n it needs to change üò°
piercings     : 3 (septum + ears)
fav color      : Black, Purple &amp; Red
fav drink      : Black Tea, Pepsi Max &amp; Cold Brew",0,0,4
2023-01-25 05:54:56+00:00,1.61813E+18,P2PSZN,@Blitzburghstil1 @Reggie_Bflo Big Ben‚Äôs Burner ? It‚Äôs Pepsi &amp; it‚Äôs called pop,0,0,0
2023-01-25 05:54:25+00:00,1.61813E+18,ItsVengey,"@SinfulScience THANK YOU

I like filter water sometimes to mix it up once in a while like coke vs pepsi, but my tap is ol' reliable when I got that mega thirst",1,0,1
2023-01-25 05:54:17+00:00,1.61813E+18,SigsbeeVon,"@MidniteOil55 Either goes well with the cheap scotch the boss gives out at Christmas.
Pepsi as a kid though.",1,0,1
2023-01-25 05:53:57+00:00,1.61812E+18,Ved_Era__,"LIKE if you can't tell the difference between coke &amp; pepsi.

  ~Ved
RULING DIVA PRIYANKA",0,13,5
2023-01-25 05:52:49+00:00,1.61812E+18,rraffandiii,@gizmochina Reminds us of Pepsi P1,0,0,0
2023-01-25 05:52:47+00:00,1.61812E+18,KyledaCinephile,@LazlosGhost Pepsi now in PISS FLAVOR,0,0,2
2023-01-25 05:51:45+00:00,1.61812E+18,AkkiSakurai,@hazumiaileen whats pilk was it that pepsi milk combo you said on stream?,0,0,0
2023-01-25 05:51:42+00:00,1.61812E+18,GaredHunt,@pylon72 @SjamaanN Eh.  I went from Coke to Pepsi for reasons.  You get used to whichever you drink.,0,0,0
2023-01-25 05:51:31+00:00,1.61812E+18,sturni0l0gir3,@chriss_pepsi i wish i could hug him:(,0,0,0
2023-01-25 05:50:02+00:00,1.61812E+18,Bobbyxswag360,is piza with pepsi,0,0,0
2023-01-25 05:49:22+00:00,1.61812E+18,DiggityDawg10,@SjamaanN Pepsi. Definitely the Pepsi,0,0,0
2023-01-25 05:49:20+00:00,1.61812E+18,SugarPlum5674,Too close! Pepsi better sue. If they condone it then cancel it! https://t.co/NEzacw6emb,0,0,0
2023-01-25 05:49:06+00:00,1.61812E+18,Beastmode3655,"@yardtalkhbcu @theswac @pepsi Wouldn't  surprise me if its corruption going at every HBCU, on top of this mess... The BCU situation just got the flash light turned on! We need to start calling out names!  #theboardoftrustees we need names...",0,0,0
2023-01-25 05:48:16+00:00,1.61812E+18,LauraRo59237033,As a waitress u really get to see various types of food and drink combinations üò≠ this woman has ordered a Pepsi with chocolate syrup in it üßç‚Äç‚ôÄÔ∏è,1,0,2
2023-01-25 05:47:08+00:00,1.61812E+18,hollyplake_90,@tonywayne @MadScientistFF I love Pepsi as well!,0,0,1
2023-01-25 05:46:54+00:00,1.61812E+18,tanodevita,I just uploaded ‚ÄúComercial PEPSI MUSIC‚Äù to #Vimeo: https://t.co/mWwdbByKyI,0,0,0
2023-01-25 05:45:03+00:00,1.61812E+18,mackenziehunt,"@SjamaanN I don't drink soda, so that's easy.  Pepsi goes.",0,0,0
2023-01-25 05:44:44+00:00,1.61812E+18,emerald_midgear,"Pepsi

Hate the taste of it",0,0,0
2023-01-25 05:43:49+00:00,1.61812E+18,WestinPlaying,"as someone who drinks too much soda, the last thing i fucking want in the morning is soda. especially pepsi.",0,0,3
2023-01-25 05:43:11+00:00,1.61812E+18,Frosty_Nug_Farm,@ICuRaRook Obviously everybody misclicked. Pepsi FTW,0,0,0
2023-01-25 05:43:06+00:00,1.61812E+18,rorie_latavian,@NFL @pepsi Yeah you all would want too know when I predicted warriors would the championship plus playoff I didn't get my million from the NBA organizers so I'm gonna keep you all guessing yourself https://t.co/SjX5dqhCVa,0,0,1
2023-01-25 05:43:03+00:00,1.61812E+18,clunkyfeather77,@SjamaanN The Kool-Aid and Pepsi can go.,0,0,0
2023-01-25 05:40:13+00:00,1.61812E+18,tanodevita,I just liked ‚ÄúComercial Pepsi Music 2016‚Äù on #Vimeo: https://t.co/N8YtZJxgVE,0,0,0
2023-01-25 05:40:01+00:00,1.61812E+18,manicforwalls28,@Pepsi_Cannot No actually she‚Äôs my wife but only after crimson,0,0,0
2023-01-25 05:39:56+00:00,1.61812E+18,mattybalonso,@NFL @pepsi Watson is better than all of em,0,0,0
2023-01-25 05:39:49+00:00,1.61812E+18,BunnyKnievel,"Vote for @iamSauceGardner I just voted for the Pepsi Zero Sugar Rookie of the Week! Fans pick the winner, so go vote! https://t.co/HYeqk7kt4G",0,0,0
2023-01-25 05:39:42+00:00,1.61812E+18,manicforwalls28,@Pepsi_Cannot No she‚Äôs my best friend üíÄ,0,0,0
2023-01-25 05:38:47+00:00,1.61812E+18,kamalastw,@JaJunkJunkJunk @Seinfeldism1 Hahaha here's your pepsi,0,0,0
2023-01-25 05:38:13+00:00,1.61812E+18,AbiolaZupakid,@Pepsi_Naija @cuppymusic Sip it to the existence üíóüíìüíûüíñüå∏üéÄ,0,0,0
2023-01-25 05:38:06+00:00,1.61812E+18,OniGaijin,@TheOtherTravGuy Don‚Äôt worry Pepsi Man will save us üòÅ.,0,0,0
2023-01-25 05:37:54+00:00,1.61812E+18,resiliencedraw,@pluslunar I think pepsi,0,0,1
2023-01-25 05:37:12+00:00,1.61812E+18,SuperPepsiman,Pepsi is the elixir of the Gods,0,0,0
2023-01-25 05:36:47+00:00,1.61812E+18,Fatyyycxxx,Cock is definitely better than Pepsi,0,0,0
2023-01-25 05:36:38+00:00,1.61812E+18,briahsdad,"@MidniteOil55 Straight:  Pepsi. 
Mixer:  Coke.

Just one old dudes opinion.",1,0,1
2023-01-25 05:36:08+00:00,1.61812E+18,ghost_251,@Kayak3214 coffee tea and pepsi all 3 are shit. kool aid might be just pure sugar but its better than the rest,0,0,0
2023-01-25 05:35:55+00:00,1.61812E+18,LunarLivH,@graysheartart @alinalal_ The ponytail actually looks great on Alear. Something about it is just super appealing for miss pepsi hair!,0,0,2
2023-01-25 05:33:59+00:00,1.61812E+18,Ditherkins,@RitoBandito @Chibbutts ‚ÄúThis is my new best friend he‚Äôs nice and he‚Äôs essentially a gundam powered by pepsi can I keep him?‚Äù,0,0,0
2023-01-25 05:33:52+00:00,1.61812E+18,chris12342000,@SjamaanN Easy Pepsi can't drink it it makes my stomach hurts and also it doesn't even taste good anyway,0,0,0
2023-01-25 05:32:26+00:00,1.61812E+18,jwiklo,@SjamaanN I don't drink Pepsi or Kool aid...is Kool Aid nice?,0,0,0
2023-01-25 05:31:06+00:00,1.61812E+18,stylesturniolo,another tour date another day of me still being the only person who has a pepsi can signed by chris ü§åüèΩ,0,0,0
2023-01-25 05:30:17+00:00,1.61812E+18,nissanonroakdpi,"Pepsi Next. That stuff was amazing 

@pepsi bring it back ü•∫",0,0,0
2023-01-25 05:30:15+00:00,1.61812E+18,SOutputs,"@TheNameIsYash @PepsiIndia Very bad,your growth is bigger after kgf,
Kgf had become brand,
You are going behind Pepsi ad,
Rajinikanth 48years in cinema industry,
Never acted in ads which leads to unhealthy,
200 crore offer for BMW he dined and for ipl also he denied,
That is star value,",0,0,0
2023-01-25 05:30:05+00:00,1.61812E+18,iamartemis11,@NFL @pepsi @nfl @pepsi purdy,0,0,0
2023-01-25 05:29:44+00:00,1.61812E+18,UbikDeckard,@NHL @pepsi Best goalie tandem in the NHL.,0,0,2
2023-01-25 05:27:42+00:00,1.61812E+18,david_linklater,"@SjamaanN Keep the coffee and tea, ditch the Pepsi and sugar water.",0,0,0
2023-01-25 05:27:41+00:00,1.61812E+18,Phantuums,@BauerToews19 And wtf r u gonna do about it? hop towards me with ur pepsi infested foot? sit down little child the MEN are talking,1,0,10
2023-01-25 05:27:29+00:00,1.61812E+18,wonchauls,‚åó (wts lfb for exposure) eleven lovedive afterlike jang wonyoung japan everline pepsi soundwave heart pob ssq yzy withdrama mokket r1 r2 r3 beatroad apple music mmt makestar fanclub wonderwall,0,0,0
2023-01-25 05:27:28+00:00,1.61812E+18,justcanteven13,"@SjamaanN Kool Aid. I drink tea and coffee all the time, but I‚Äôd miss a good fountain Pepsi at the movie theater!",0,0,0
2023-01-25 05:26:46+00:00,1.61812E+18,RobDrivesCars,@PlugInFUD My beloved six-packs of 20oz Pepsi Zero are taking a hit too. I am mortified.,1,0,1
2023-01-25 05:26:17+00:00,1.61812E+18,WehdeWataniye,@shanouha Man2oushe and pepsi? Uve been whitewashed. Its always been man2oushe and jus haram,1,0,0
2023-01-25 05:25:21+00:00,1.61812E+18,Elden_Bird,"Please, PLEASE, @pepsi bring this back. You guys ruined Pepsi Max‚Äôs caffeine amount so you owe us. DM me for more soft drink ideas. https://t.co/D6J1eUsjP9",0,0,0
2023-01-25 05:24:16+00:00,1.61812E+18,jeonsbesitos,"I am craving a pepsi idk why, brb",0,0,0
2023-01-25 05:23:20+00:00,1.61812E+18,KindlerLee,"@SjamaanN Get the fuck out of here, Pepsi.",1,0,0
2023-01-25 05:22:59+00:00,1.61812E+18,pupmoding,A strange sound was bothering my ear and I was so confused where it comes from because it's not of electric origin and I saw a bottle of Pepsi. Decided to close it more tight and it worked. It's fucking gases that were annoying,0,0,1
2023-01-25 05:22:32+00:00,1.61812E+18,CrossroadPress,"If you ask me Coke or Pepsi, should pineapple be on pizza, are you a pantser or a plotter... I know you don't care and I'm not opting in to your pointless number game. If you want to get something real from Social Media... have conversations.",1,0,5
2023-01-25 05:22:18+00:00,1.61812E+18,TitlesBot,Ultra King Dedede Beats The Shit Out of Inkling With a Large Bottle of Pepsi    9 (Gamecube Port) (Featuring Dante From The Devil May Cry Series) is the latest game announced by Microsoft. It will be releasing in 0074.,0,0,0
2023-01-25 05:21:05+00:00,1.61812E+18,AaronsArmy2024,@ARdoppelganger Not sure of Pepsi‚Äôs political leanings but Coca Cola is l e f t i s t.  Surprisingly the mostly conservative South drinks it more than anywhere else in the country.  Stop funding l e d t i s t s.,0,0,0
2023-01-25 05:20:50+00:00,1.61812E+18,AlaskaMamaT,@DelltheDude Yeap! Buy buy Pepsi,0,0,1
2023-01-25 05:20:31+00:00,1.61812E+18,Mesha__G,What‚Äôs your top period cravings? Mine is always soda (Pepsi or Dr. Pepper) and any type of hot chips lol.,0,0,0
2023-01-25 05:19:23+00:00,1.61812E+18,yongzkdlin,@chaeceah pepsi ???? both are nasty tbh but dr pepper is def better,0,0,0
2023-01-25 05:18:54+00:00,1.61812E+18,reikonyzo,I'll never combine ice cream and pepsi again https://t.co/JmNZroStJi,0,0,0
2023-01-25 05:18:31+00:00,1.61812E+18,mlosan,"@MidniteOil55 Coke. 
Always &amp; forever. 
Pepsi tastes like a watered-down wannabe Coke.",1,0,1
2023-01-25 05:18:23+00:00,1.61812E+18,KittyKushed,"I dont care if @culvers has Coke or Pepsi, just don't get rid of your Root Beer!",0,0,0
2023-01-25 05:18:20+00:00,1.61812E+18,omgilysierra,Literally Pepsi???? How is this even a thing????,0,0,0
2023-01-25 05:17:59+00:00,1.61812E+18,konurbay_,@Pepsi_FACC weno,1,0,0
2023-01-25 05:17:57+00:00,1.61812E+18,kadubhte,They don‚Äôt have @pepsi just coke so I said No No No https://t.co/Wm1l2KA8OY,0,0,0
2023-01-25 05:17:55+00:00,1.61812E+18,VjalexanderVal,"@xskinn Am glad you called it. Just thinking time to get a glass, filled with ice, topped up with scotch and Pepsi max. Cheers ü•Éü•Éüçª‚ù§Ô∏èüåπ",0,0,1
2023-01-25 05:17:28+00:00,1.61812E+18,synopsisav,@SjamaanN Pepsi. Coke is better,0,0,0
2023-01-25 05:16:34+00:00,1.61812E+18,Matti59810876,@teslacarsonly @pepsi @PepsiCo Would be nice drive Pepsi everywhere üòé,0,0,0
2023-01-25 05:15:49+00:00,1.61812E+18,Jordsyx,@GodTeets @Maver1ckIts so you know how you was gonna do a thing well I need a thing of me chugging Pepsi max pls k thanks,1,0,1
2023-01-25 05:15:20+00:00,1.61812E+18,joeb626,@pepsi where is all the vanilla Pepsi? Or better yet zero sugar vanilla Pepsi.,0,0,0
2023-01-25 05:15:05+00:00,1.61812E+18,Billy05pvibe,@CindyCrawford have you tried that new Pepsi Nitro in the white can! Stuff is good.,0,0,0
2023-01-25 05:14:24+00:00,1.61812E+18,mqoballack,"@IKEKHUMALO2 @pepsi_nala Tembisa, he was attacked by community after he shot &amp; killed someone",0,0,0
2023-01-25 05:14:09+00:00,1.61811E+18,JustNowPop,"@MidniteOil55 Coca-Cola! Feel the burn! Seriously, Pepsi sucks.",0,0,1
2023-01-25 05:13:35+00:00,1.61811E+18,IMFletcher2,"@DelltheDude Coffee, faster than you can say coffee. Then Pepsi. Then Kool-aid.",0,0,1
2023-01-25 05:13:06+00:00,1.61811E+18,LonleyyA,"pronouns  : she/her
height        : 6'3
shoe size   : 14
zodiac sign: Libra
smoke        : fuck no
tattoos       : hell nah
piercings    : never
fav color     : black red and purple
fav drink     : water and Pepsi",3,0,4
2023-01-25 05:12:46+00:00,1.61811E+18,jttbote,Routine maintenance for the Pepsi NA data server will take place at 9:00 AM AKST,0,0,0
2023-01-25 05:10:44+00:00,1.61811E+18,mark_essiembre,"I drank six cans of Diet Pepsi Cola today. It's usually a sign that something is pissing me right off and I need to remain sharp......
#RunningSolo",0,0,0
2023-01-25 05:09:48+00:00,1.61811E+18,JFSculpts,"@StephenRayGarza The trick is if they'd just called it, like, Pepsi Plus of Pepsi Pep or Pepsi FUCK YEAH and marketed it as ""Pepsi... With MORE CAFFEINE"" people would've drank the hell outta that.",1,0,1
2023-01-25 05:09:40+00:00,1.61811E+18,emniviev,"me: why can‚Äôt i sleep?
the four coffees, two pepsis, and charged lemonade i ingested today: https://t.co/iz4T132vka",0,0,1
2023-01-25 05:09:40+00:00,1.61811E+18,ThePynr,"Yash replaces Salman Khan, becomes brand ambassador for Pepsi

#brandambassador #KGF #Pepsi #SalmanKhan #Yash #Movies

https://t.co/kK61mD0fs6",0,0,0
2023-01-25 05:09:19+00:00,1.61811E+18,Juggerbear95,@gophercel They stopped selling the real sugar vanilla Pepsi at my workplace. Billions must Peat.,0,0,1
2023-01-25 05:08:58+00:00,1.61811E+18,Squintopoop,@TairaKruspe @NHL @pepsi Cope,0,0,0
2023-01-25 05:08:08+00:00,1.61811E+18,DobryJane,@MidniteOil55 Pepsi. I grew up with Pepsi corporate offices on the next block &amp; a Pepsi warehouse next door. We got free Pepsi all the time. #PepsiForever,1,0,1
2023-01-25 05:08:02+00:00,1.61811E+18,RightHandMagnum,"@zandikofficial (Na, I really do. It's Clear American Cotton Candy water. It also cancels out the whiskey/Pepsi mixture I drank earlier. Totally)",1,0,0
2023-01-25 05:08:02+00:00,1.61811E+18,BlueWaverAgain,@SjamaanN I've only had tea in 2023. Haven't had Pepsi since last year. Haven't had Kool Aide since the 80's (when as a park leader we had a kool aide chugalug after running out of sugar) and have never had coffee.,0,0,0
2023-01-25 05:07:39+00:00,1.61811E+18,DetournementArc,@MPRF4193 @consumertc I wonder if Pepsi Caf√© is the same formula,0,0,0
2023-01-25 05:07:02+00:00,1.61811E+18,jon_lebar,"@MidniteOil55 hey, I've learned to love the diet coke, never pepsi or this pepsi-cola! Just diet coke with a wedge of lemon or lime. Thanks",1,0,1
2023-01-25 05:06:06+00:00,1.61811E+18,Griffiths1121,Well fuck it 5 in the morning and I have to be ready for school transport by 9 and I haven't slept yet because I had 2 half pints of Pepsi at 4 pm ADHD and being on the autistic spectrum is the fucking worst if you have a melatonin deficiency,0,0,0
2023-01-25 05:06:06+00:00,1.61811E+18,mmbtplh,"Liking Coke or Pepsi is a preference, liking Dr. Pepper is a lifestyle",0,0,0
2023-01-25 05:05:46+00:00,1.61811E+18,ramokabe,@IKEKHUMALO2 @pepsi_nala I think it's in Tembisa but I stand to be corrected.,0,0,3
2023-01-25 05:05:37+00:00,1.61811E+18,izymoneylord,@Pepsi_Naija @cuppymusic Am in,0,0,0
2023-01-25 05:05:08+00:00,1.61811E+18,squirrelgrl,KitKat is the best she will chill w me no matter what music I play Pepsi will leave if I play some wack shit,0,0,1
2023-01-25 05:05:05+00:00,1.61811E+18,ProfittWesley,"@SjamaanN I guess it would have to be the Pepsi,I can make everything else drinkable, due to diabetes",0,0,0
2023-01-25 05:04:55+00:00,1.61811E+18,PlainSmplGarak,This was made for me except its Pepsi.,2,0,1
2023-01-25 05:04:35+00:00,1.61811E+18,nite0wl88,@culvers @LordHelmet28 @thebillherron @CocaCola Too bad I won‚Äôt be frequenting your establishments any longer. Let me know when you bring Pepsi back.,0,0,0
2023-01-25 05:04:09+00:00,1.61811E+18,DelltheDude,Pepsi is outta there....,5,0,4
2023-01-25 05:03:32+00:00,1.61811E+18,nite0wl88,@thebillherron @culvers @CocaCola Pepsi was the ONLY reason I went to Culver‚Äôs,0,0,0
2023-01-25 05:03:29+00:00,1.61811E+18,ericswinchester,@NFL @pepsi Purdy,0,0,0
2023-01-25 05:03:29+00:00,1.61811E+18,moancrawford,tfw ur on a date and they answer ‚Äòno‚Äô when the waiter asks if pepsi is okay https://t.co/17xCvshtan,0,1,4
2023-01-25 05:03:25+00:00,1.61811E+18,axelaxelaxel04,@Pepsi_FACC A ver,1,0,0
2023-01-25 05:02:18+00:00,1.61811E+18,sanghicci,@aviktweeting @fakepanjabi He was there at two am to start the popcorn and fountain pepsi machine,0,0,1
2023-01-25 05:01:36+00:00,1.61811E+18,breee__baybee,The way I be driving that semi out of Pepsi ü§£. My coworker said how you see anything without the windows defrosted . I couldn‚Äôt see üò©. I just took off üòÇ,0,0,0
2023-01-25 05:01:36+00:00,1.61811E+18,trippy_toxicss,"Thirstyüò´
Now I wanna drink Pepsi üåöüòã https://t.co/LtIEnDO6pG",1,0,11
2023-01-25 05:01:23+00:00,1.61811E+18,MulindwaEric1,@AllanSseky It buys sweet pepsi,0,0,0
2023-01-25 05:00:53+00:00,1.61811E+18,AduBTN,@stonehouse_the @NFL @pepsi Absolutely! I'll take None of the above for $1000 Alex!,0,0,0
2023-01-25 05:00:26+00:00,1.61811E+18,DI0RJ0HNNY,@chaeceah u couldve said any soda.... and u chose pepsi. the only one worst than pepsi is diet pepsi,0,0,0
2023-01-25 05:00:18+00:00,1.61811E+18,OlenSmith17,"@DocAtCDI Got 2litre of 
Pepsi.",0,0,1
2023-01-25 05:00:01+00:00,1.61811E+18,Capital916FM,"Good morning Khartoum!
____________
#249BC |  From Sun to Thu, 7 am to 11 am.
Make us part of your morning with 249 breakfast club.

Are AI-generated songs. humanity or simply an opportunity to make a new kind of music?

Brought to you by Pepsi
Streaming: https://t.co/NrrJ0KRllx https://t.co/IBFKJcDWZM",0,0,0
2023-01-25 04:59:50+00:00,1.61811E+18,Tyler19034416,"I just voted for the Pepsi Zero Sugar Rookie of the Week! Fans pick the winner, so go vote! https://t.co/ovRyHwjDFu just voted for Hutch 30 times #OnePride #GodT",0,0,0
2023-01-25 04:59:21+00:00,1.61811E+18,katdvs,"Pepsi can go far, far away.",0,0,0
2023-01-25 04:59:10+00:00,1.61811E+18,deling_city,@SunsetSilvally needs pepsi or nothing,0,0,0
2023-01-25 04:58:12+00:00,1.61811E+18,a_baguette_a,@Lumi_nation @mresundance Same but Pepsi. Or Sprite. Or Diet Coke. (It‚Äôs my one and only vice),0,0,1
2023-01-25 04:57:55+00:00,1.61811E+18,AlexWentzell,"@AkeelaTenshi I think you guys have it all the time but it's called Pepsi-Cola Made with Real Sugar. We only get it once a year, or every 2nd year, in the summer for a month or so. https://t.co/EGOJXgF7ma",1,0,1
2023-01-25 04:57:27+00:00,1.61811E+18,BLUTEXAS2020,@Collielover1960 @TammyLPinter @kroger @Instacart My shopper helped himself to nearly $30 worth of Tide Pepsi's and scrubbing bubbles There are obviously no repercussions cause they know who he is and he just does not care,0,0,0
2023-01-25 04:57:22+00:00,1.61811E+18,Xenorous,Caffeinated and ready to lose! Coke or Pepsi?? https://t.co/b9sI2jVYvv,0,0,1
2023-01-25 04:57:11+00:00,1.61811E+18,Mel1ssaRes1sts,"@SjamaanN No Pepsi. Coke.

I could do without Kool-aid.",0,0,0
2023-01-25 04:55:58+00:00,1.61811E+18,Noel61479587,@nyjets @iamSauceGardner @GarrettWilson_V @pepsi Voted https://t.co/UfnNyLy4DS,0,0,0
2023-01-25 04:55:47+00:00,1.61811E+18,Dozobwoii,@Pepsi_Naija @cuppymusic Yesss oooo @Pepsi_Naija @cuppymusic üíôam in with my new single Konfam‚Ä¶if e sure for me make I paste aza üòÅ https://t.co/u9Q4sVKq1B,0,0,0
2023-01-25 04:55:21+00:00,1.61811E+18,Ietstrip,@chriss_pepsi hugging him rn,1,0,1
2023-01-25 04:55:09+00:00,1.61811E+18,pineapple7062,"@culvers You did the right thing! #Pespsi is inferior.                             
#Culver‚Äôs restaurants switching from Pepsi to Coca-Cola, upsetting fans https://t.co/HjT7amhI2s #FoxBusiness",0,0,0
2023-01-25 04:54:01+00:00,1.61811E+18,KierroYuy,"@SjamaanN Bye Pepsi, I don't miss you.",0,0,0
2023-01-25 04:52:56+00:00,1.61811E+18,emilymaag,now why did my phone just autocorrect ‚Äúproductive‚Äù to ‚Äúpepsi cube‚Äù,2,0,2
2023-01-25 04:52:45+00:00,1.61811E+18,puhpuhpuhpow,"@MidniteOil55 Pepsi. Always found Coke extremely harsh, and have seen it used to remove rust. üò¨",0,0,1
2023-01-25 04:52:37+00:00,1.61811E+18,tahutch76,@SjamaanN Pepsi (I don't drink soda),0,0,0
2023-01-25 04:51:42+00:00,1.61811E+18,Dozobwoii,@Pepsi_Naija @Pepsi_Naija  what do u think about my new single titled KONFAM ‚ù§Ô∏è #pepsiconfam let‚Äôs make history üåçüôèüèº https://t.co/ThKkb0vsVY,0,0,0
2023-01-25 04:49:50+00:00,1.61811E+18,ItsNastySnax,@nyjets @iamSauceGardner @GarrettWilson_V @pepsi Can‚Äôt Wait https://t.co/f35Uhxbt04,1,0,0
2023-01-25 04:49:43+00:00,1.61811E+18,GaganUBiradar,@elonmusk @NicoleBehnam But still chilled @CocaCola and @pepsi with some ice cubes can't match the kick I get when adoring a whiskey. #cocacola,0,0,0
2023-01-25 04:49:36+00:00,1.61811E+18,rodgers925,Original Fritos hit different with Pepsi,0,0,0
2023-01-25 04:49:32+00:00,1.61811E+18,joshrelkin,@nyjets @iamSauceGardner @GarrettWilson_V @pepsi All day baby! https://t.co/TVPGpznj7I,0,0,0
2023-01-25 04:49:05+00:00,1.61811E+18,mresundance,@a_baguette_a TEA HEALS THE SOUL. Can Pepsi say that? Kool-aid? Coffee??????????? I think not.,2,0,2
2023-01-25 04:48:19+00:00,1.61811E+18,BLUTEXAS2020,@TammyLPinter @kroger @Instacart Me too My $36 order turned into $63 as my delivery guy David J added $30 worth of Tide Pepsi's and scrubbing bubbles for himself I am livid,0,0,0
2023-01-25 04:47:18+00:00,1.61811E+18,jay_n_jenny,@NFL @pepsi @brockpurdy13 SHOULD BEüôåüèΩüî• https://t.co/kP6fgND7XE,0,0,0
2023-01-25 04:46:44+00:00,1.61811E+18,NsmBoxOffice,"New Brand Ambassador of #Pepsi #india 
#yash  @TheNameIsYash #KGFActor #KGF #Bollywood #Tollywood https://t.co/RCUJ7ve4ea",0,0,0
2023-01-25 04:46:13+00:00,1.61811E+18,RealFrozz,"@MidniteOil55 Even though I can no longer have caffeine and don't drink either, I very much miss the taste of Pepsi.",0,0,1
2023-01-25 04:46:13+00:00,1.61811E+18,WiggyKumaVT,@DulcisLeo But the pepsi!? https://t.co/MJvzgX9eVJ,0,0,0
2023-01-25 04:45:48+00:00,1.61811E+18,woodcutting_lvl,@NHL @pepsi Nobody wants to see his weirdly long alien face,0,0,0
2023-01-25 04:45:13+00:00,1.61811E+18,NonnieReynolds,@yardtalkhbcu @theswac @pepsi Told ya,0,0,0
2023-01-25 04:45:03+00:00,1.61811E+18,DavidCullum21,@SjamaanN Pepsi. BUT if you had come...,0,0,0
2023-01-25 04:44:41+00:00,1.61811E+18,I_AM_S1CAR1O,@SjamaanN Pepsi has to go...its the only DISGUSTING thing up there. LoL,0,0,0
2023-01-25 04:44:40+00:00,1.61811E+18,XSXPBK1521,@laura_stahl @bigtexcon @YUMICONx @AlamoHeroCon @miniminicon @SanJapan @PokeFestSA TIME TO STOCK UP ON PEPSI AND COLGATE FOR LAURA! üòÅü§£‚ù§Ô∏èü§çüíô,0,0,0
2023-01-25 04:44:19+00:00,1.61811E+18,cardenasvsthem,"After soccer and the gym, this Diet Pepsi is HITTIN üòà",0,0,0
2023-01-25 04:44:14+00:00,1.61811E+18,xollochi,"Cuff Your Jeans and Pepsi have really grown on me

Anyways goodnight",0,0,0
2023-01-25 04:44:04+00:00,1.61811E+18,caseyyoung00,@IllMakeYouLaugh Panera Pepsi makes my heart skip a few beats ngl,1,0,1
2023-01-25 04:44:02+00:00,1.61811E+18,TomPrewitt7,@ManicMoths Y'know I don't know if it's just me but coke makes my teeth feel all weird and wrong and Pepsi is just bleh it's like super with carbonated auger water with nasty flavoring so if you ask me I'm a root beer kinda guy,0,0,0
2023-01-25 04:43:25+00:00,1.61811E+18,SmartChelseaFan,"Lmaooo only 11K likes the admin got sooo rattled that he made a meme out of @Vettel_AMR just to drag him while he's supposed to post football memes all over and not go behind troll accounts üò≠ 
This just proves more and more he's a biased Pepsi fan nothing more ü§¢",0,0,2
2023-01-25 04:43:20+00:00,1.61811E+18,loveeskin_,@dipperism ‚Äúmy pussy tastes like pepsi cola‚Äùüòç,1,0,1
2023-01-25 04:43:16+00:00,1.61811E+18,Sand_Wic,I‚Äôm starting to think the pepsi milk wasn‚Äôt worth it LOL.,2,0,3
2023-01-25 04:42:24+00:00,1.61811E+18,hrrysrouge,@chriss_pepsi YEA WHAT THE FUCK??? so embarrassing for them bc chris gives the best hugs,1,0,1
2023-01-25 04:42:23+00:00,1.61811E+18,TitlesBot,Paper Lancer Kills Samus With Bees And Goes To Get a Large Bottle of Pepsi DX   (Banjo Mode Update)  is the latest game announced by Microsoft. It will be releasing in 7915.,0,0,0
2023-01-25 04:42:23+00:00,1.61811E+18,BrandonSligh13,"@ICuRaRook I voted pepsi, but how is orange soda not an option ‚òπÔ∏è",2,0,5
2023-01-25 04:42:08+00:00,1.61811E+18,_Ravens4Lyfe,@zayjoneslover7 Pepsi beats coke because of mountain dew alone.,0,0,0
2023-01-25 04:40:39+00:00,1.61811E+18,hrrysrouge,@chriss_pepsi i hate ppl like this so much üôÇüôÇ,1,0,1
2023-01-25 04:40:30+00:00,1.61811E+18,fairyl4ady,@BertgesThoughts my pussy tastes like pepsi cola,0,0,0
2023-01-25 04:39:47+00:00,1.61811E+18,beckiiixd,pepsi cause coke is better lol,0,0,0
2023-01-25 04:38:43+00:00,1.61811E+18,mynemjoe,@teslacarsonly @pepsi @PepsiCo That's hot,0,0,0
2023-01-25 04:37:39+00:00,1.61811E+18,BumpkinFuzzy,@Timcast I wonder how many sugars she puts in her Pepsi...,0,0,0
2023-01-25 04:37:35+00:00,1.61811E+18,Tmhjr_Baskar,"@SjamaanN Replace Pepsi with coke and I'll choose coke....otherwise, none of the above.",0,0,0
2023-01-25 04:37:34+00:00,1.61811E+18,Marc_A_Dupuis,@SjamaanN You can keep the Pepsi and Kool-aid,0,0,0
2023-01-25 04:37:33+00:00,1.61811E+18,TridentSkrt,dey forgot my pepsi zero for the 3rd time in a row on my t bell uber eats order :') https://t.co/AMhPFIoGhJ,1,0,16
2023-01-25 04:37:20+00:00,1.61811E+18,Dr4Gu74,@pepsi hey @pepsi  could you please please please bring pepsi man back?,0,0,0
2023-01-25 04:37:07+00:00,1.61811E+18,Nichola53011307,@NFL @pepsi Brock Purdy,0,0,1
2023-01-25 04:36:44+00:00,1.61811E+18,Notlgn999,"@777DevinBoyle @consumertc Crystal Pepsi made a short time revival recently, that ish was so bomb! I remember my parents had the cowboys 1992 Super Bowl on VHS and seeing commercials for crystal pepsi was so wild to me!",0,0,0
2023-01-25 04:36:39+00:00,1.61811E+18,ironmike_k,@NFL @pepsi Brock would like to have a word,0,0,0
2023-01-25 04:36:28+00:00,1.61811E+18,JamesB3313,"@MidniteOil55 Coke. However Mexican Pepsi is made with real sugar and blasphemy, may be better than Mexican Coke also made with sugar.",0,0,1
2023-01-25 04:36:23+00:00,1.61811E+18,jerryllucas,@SjamaanN Bye Pepsi..  besides didn't say all cola drinks so still have coke..,0,0,0
2023-01-25 04:36:21+00:00,1.61811E+18,SuperPepsiman,Enjoy the delicious refreshing taste of Pepsi,0,0,0
2023-01-25 04:35:06+00:00,1.61811E+18,inamsterdan,My pussy tastes like a pepsi cola,1,0,0
2023-01-25 04:34:57+00:00,1.61811E+18,BrianRideout7,"@roguecaliber Thack-oh... Although we used to occasionally call it Thwack-o! when using axes.

...

... Crystal Pepsi did horrible things to our brains",0,0,0
2023-01-25 04:34:55+00:00,1.61811E+18,oconnellaboo,@MidniteOil55 Coke. But I will never hate on Pepsi.,1,0,1
2023-01-25 04:34:40+00:00,1.61811E+18,goldenbears98,@Seinfeldism1 You're telling me wine's better than Pepsi? Huh! No way wine's better than Pepsi!,0,0,0
2023-01-25 04:34:20+00:00,1.6181E+18,AlexWentzell,"@AkeelaTenshi Pepsi Throwback is my favorite, but it's not available often. Cherry is very good. I haven't had it in a while though. I might have to go looking for some tomorrow when I'm at the store lol. https://t.co/c9EgKN90yW",1,0,1
2023-01-25 04:34:02+00:00,1.6181E+18,TsgWomp,"I respect Sauce getting ROY over Woolen, Sauce played a great season and I'm not gonna be biased. 

But WILSON over WALKER??? Pepsi MUST BE high.",0,0,0
2023-01-25 04:33:51+00:00,1.6181E+18,Russell60501325,@blackballed15 @MadScientistFF I like Dr pepper and its a coke product. Pepsi is better than coke by far,0,0,0
2023-01-25 04:33:39+00:00,1.6181E+18,NatsuOdonata,@FlashFan20 AND YOULL BE ROASTED FOR EVERY ONE YOU PIZZA PEPSI DIPPING BASTARD,1,0,0
2023-01-25 04:33:33+00:00,1.6181E+18,farquharjulie1,@MidniteOil55 I personally like Pepsi better.,0,0,1
2023-01-25 04:33:17+00:00,1.6181E+18,777DevinBoyle,@consumertc I NEEEED to see the rest of that collection! There‚Äôs Fruitopia back there and I bet they‚Äôve got Pepsi Clear back there too!!!! ü•π,1,0,1
2023-01-25 04:32:40+00:00,1.6181E+18,chris5thave,@15_TreyJ @SaycheeseDGTL üòÇüòÇüòÇüòÇ I heard the Italian beef and Pepsi be fye,0,0,1
2023-01-25 04:30:47+00:00,1.6181E+18,daveredacted1,@SjamaanN Pepsi forever gone now. Please,0,0,0
2023-01-25 04:30:25+00:00,1.6181E+18,NeokDallocort,@rookuri_ Diet Pepsi!? Get some Wild Cherry Pepsi.,0,0,1
2023-01-25 04:29:52+00:00,1.6181E+18,VincentJDonato,"@MidniteOil55 My first word was coke! I‚Äôve been drinking it since I was tiny. But to be honest, I personally like both Coke and Pepsi equally. In my opinion Pepsi is smoother, but having said that I like them both.",2,0,1
2023-01-25 04:29:41+00:00,1.6181E+18,AkeelaTenshi,@AlexWentzell My favorite Pepsi,1,0,1
2023-01-25 04:29:37+00:00,1.6181E+18,SuperJohnny25,This is like asking the CEO of PepsiCo if people will ever get sick of drinking Pepsi.,0,1,1
2023-01-25 04:29:31+00:00,1.6181E+18,TeeJayP44,@NFL @pepsi Brock Purdy!,0,0,1
2023-01-25 04:28:49+00:00,1.6181E+18,mstebb,So good I had to share! Check out all the items I'm loving on @Poshmarkapp #poshmark #fashion #style #shopmycloset #wetseal #vintage #pepsi: https://t.co/1VbPpjVAbx https://t.co/dmL0r63txS,0,0,0
2023-01-25 04:28:39+00:00,1.6181E+18,GusTrolly,I want to sit down at Pizza Hut and drink Pepsi and eat pizza until I explode and you have to scrape my remains off the wall paper,0,0,1
2023-01-25 04:28:32+00:00,1.6181E+18,HopecasterNW,@kskayles Mango Pepsi to begin with sounds like an atrocity what the hell are they doing,0,0,1
2023-01-25 04:28:30+00:00,1.6181E+18,JacobPoshka,"I‚Äôll be honest, it‚Äôs not the most important thing but I am kinda sad Culver‚Äôs is switching from Pepsi to Coke. When it comes to fountain soda a Diet Coke isn‚Äôt that different from Diet Pepsi for me so it‚Äôs whatever. Just sad to lose one of the few places I go to that had it.",1,0,0
2023-01-25 04:28:24+00:00,1.6181E+18,Timebomb742,"@naeriface Me when I had Mtn dew for the first time. It's so sugary it's unpleasant, the same with normal coke now that I've drank Pepsi Max for so long.",0,0,0
2023-01-25 04:27:56+00:00,1.6181E+18,CommentsByKirk,"@murderandmeds alprazolam is Red Bull. Diazepam is Mountain Dew. Ativan is Pepsi. Klonopin is Diet Coke, all the way down to Librium, which is the tramadol of the sedatives. It dreams of being stronger, but it is sad about barely being a step above Benadryl. It gets +pts for being less common",0,0,1
2023-01-25 04:26:55+00:00,1.6181E+18,portgasbam,@chaeceah see you have said any other soda and i would have agreed but PEPSI????,0,0,0
2023-01-25 04:26:46+00:00,1.6181E+18,Smigman1,"@MidniteOil55 Coke, and I do collect coke novelties.

Pepsi is good with snacks. Coke is good by itself.",1,0,1
2023-01-25 04:26:39+00:00,1.6181E+18,WarnerSmithIII,Pepsi too easy,0,0,0
2023-01-25 04:26:27+00:00,1.6181E+18,AlexWentzell,@AkeelaTenshi Cherry Pepsi is fantastic.,1,0,1
2023-01-25 04:26:26+00:00,1.6181E+18,samkat59,@MidniteOil55 Coke. Pepsi is awful.,0,0,1
2023-01-25 04:25:57+00:00,1.6181E+18,jerry_berryyy,"@IqraSattar_ I once said to canteen wale uncle...""uncle ""why not meri jan"" dedein "" and uncle was like ""huh??"" And i said ""uncle pepsi mang rahi hon""üò≠ü§£",1,0,6
2023-01-25 04:25:27+00:00,1.6181E+18,OurPlanetMaters,@drdre @NBCSports @pepsi @NFL @RocNation never forget about dre https://t.co/yUgN6zLddU lmao,0,0,0
2023-01-25 04:24:48+00:00,1.6181E+18,tverniferrara,@SjamaanN Easy! Pepsi and koolaid can go!,0,0,0
2023-01-25 04:24:30+00:00,1.6181E+18,dago_deportes,"@Mike_PiFF03 Preach! Also, Coke &gt; Pepsi ü§∑üèΩ‚Äç‚ôÇÔ∏è",0,0,1
2023-01-25 04:24:04+00:00,1.6181E+18,_Mountains_24_7,@TairaKruspe @NHL @pepsi I'd maybe wait for your team to be in playoff contention before trying to talk shit.,0,0,1
2023-01-25 04:23:33+00:00,1.6181E+18,Real__Yahweh,"@Kelly37153503 @JoshuaTCharles It makes zero sense - Pepsi is Coke and Coke is Pepsi - you see what I did here?

The great schism was the official separation of the two churches. The differences existed almost from the beginning of Christianity. Calling them the same is preposterous.",1,0,0
2023-01-25 04:23:14+00:00,1.6181E+18,BySteveHolley,@LisaSimpson24 I would go with Koolaid if I weren‚Äôt already allergic to Red 40. I had to go with Pepsi,0,0,1
2023-01-25 04:22:57+00:00,1.6181E+18,beaglelady54,@MidniteOil55 I prefer Pepsi but can drink Coke if there is no other option.,0,0,1
2023-01-25 04:22:43+00:00,1.6181E+18,MCPC141,@ssholes__elbows @TTaunter @NoContextBrits Needs Pepsi.,0,0,0
2023-01-25 04:22:41+00:00,1.6181E+18,MrMead78,@SjamaanN Why is Pepsi even a choice? https://t.co/5ZYjEbtXZr,0,0,0
2023-01-25 04:21:52+00:00,1.6181E+18,realRomeGuy,"@Pepsi_Kid123 @tmsilverman stolen - that's a good one to keep on file 

üá∫üá∏ üá∫üá∏ üá∫üá∏",0,0,0
2023-01-25 04:20:33+00:00,1.6181E+18,shadyunleashed,"pronouns  : they/them
height        : 5‚Äô8
shoe size   : 12
zodiac sign: libra
smoke        : yes
tattoos       : no
piercings    : no
fav color     : purple
fav drink     : pepsi ig",0,0,1
2023-01-25 04:20:18+00:00,1.6181E+18,BawdyAnarchist_,"@spederan And 2 mining pools control over 50% of BTC HP. This is Coke vs Pepsi.  You're saying that the Eth stakers are a cartel that only appear distributed; but that BTC is not? Despite significant evidence that a small cabal controls BTC mining as well? 

Sorry but I don't buy it",1,0,0
2023-01-25 04:20:17+00:00,1.6181E+18,Babyizzy72,"Pronouns    : He/him
Height         : 5'11""
Zodiac sign : Aries ‚ôà
Smoke         : None 
Tattoos        : None
Piercings     : None
Fav colour   : Purple 
Fav drink     : Cherry Cola, Dr Pepper and Pepsi (I love cherry flavored drinks üòã)",0,0,0
2023-01-25 04:19:38+00:00,1.6181E+18,Lawbro_Wou,@Eula_N30 I can do without Pepsi.,0,0,0
2023-01-25 04:19:25+00:00,1.6181E+18,evolusty69,"@nyjets @iamSauceGardner @GarrettWilson_V @pepsi Couple more picks like these two, the jets will be very good for at least 3 year. Poise and stay with the system good or bad instead of asking trade unlike some unnamed safety",0,0,0
2023-01-25 04:19:16+00:00,1.6181E+18,somuchwhatever,Pepsi‚Äôs never in my house anyway. BYE!,0,0,1
2023-01-25 04:19:01+00:00,1.6181E+18,annonymouscomme,"@TheNameIsYash @PepsiIndia Best ad.

Pepsi, i am sold. No more coke.",0,0,0
2023-01-25 04:18:24+00:00,1.6181E+18,Robbie347,@MidniteOil55 Coke. Unless Pepsi is cheaper.,0,0,1
2023-01-25 04:18:19+00:00,1.6181E+18,CarolynMisha,"@SjamaanN Pepsi, without question. If it were ginger beer or Coca Cola in its place, I'd say Kool-Aid to go.",0,0,1
2023-01-25 04:18:05+00:00,1.6181E+18,mmeyer115comcas,I didn‚Äôt know that Tommy Lee was addicted to Coca-Cola. I had him pegged as a Pepsi guy.,0,0,0
2023-01-25 04:17:57+00:00,1.6181E+18,madonnalover911,My pussy taste like Pepsi cola üé∂üé∂üé∂,0,0,0
2023-01-25 04:17:40+00:00,1.6181E+18,BritneyofVos,"@katie_gvf Get the poor doggo a Pepsi, cmon https://t.co/3knMrmUkS7",1,0,1
2023-01-25 04:17:32+00:00,1.6181E+18,NoviaMatt,"@MidniteOil55 I enjoy rotating‚Ä¶ Coke, Cherry Coke, Pepsi, Cherry Pepsi, Dr. Pepper..

This week Ginger Ale, Orange, Strawberry Cream &amp; healthy juice drinks or no sugar drinks mixed in. 

No one will ever be able to say ‚ÄúThe usual?‚Äù to me.",1,0,1
2023-01-25 04:17:10+00:00,1.6181E+18,chewybobywehc,"@MidniteOil55 I was never in the ""Pepsi Generation""",0,0,1
2023-01-25 04:17:07+00:00,1.6181E+18,doryelocas,"Pepsi's CEO would never let his family touch any of their products. Mark Zuckerberg tapes over his laptop's camera and microphone. Bill Gates severely restricted his children's use of technology, and the McDonald's CEO claimed he didn't even eat his own company's food AWAKE? https://t.co/quosLLRBKB",0,0,0
2023-01-25 04:16:17+00:00,1.6181E+18,hechogamer,"@MidniteOil55 Pepsi Black is great, although I do enjoy Coca Cola Zero sugar.  I give Pepsi the edge",0,0,1
2023-01-25 04:16:03+00:00,1.6181E+18,smileyuu34,"Jan 24.

.one Diet Pepsi 

-not that big of a struggle since my day was busy and slept in.",0,0,0
2023-01-25 04:15:20+00:00,1.6181E+18,Punchmasterr,@MidniteOil55 I have never heard anyone order a rum and Pepsi.,1,0,3
2023-01-25 04:15:12+00:00,1.6181E+18,Kierangs1,"@MidniteOil55 Coke.  

Pepsi‚Äôs good too.",0,0,1
2023-01-25 04:14:50+00:00,1.6181E+18,JeepgurEL,@pepsi this Gen x‚Äôer who made it through Crystal Pepsi . Just Cannot get on board with the flat Sprite ..#starry is scary,0,0,0
2023-01-25 04:13:46+00:00,1.6181E+18,TheRealMattL,"@MidniteOil55 Pepsi unless alcohol is involved, then Coke.",1,0,1
2023-01-25 04:13:43+00:00,1.6181E+18,chaeceah,@oxshyuk LEWSER pepsi wins https://t.co/qjhSjaIa7b,1,0,0
2023-01-25 04:13:40+00:00,1.6181E+18,lovlnglyfancy,haven‚Äôt been sleeping properly bc i haven‚Äôt been eating. also just been drinking a diet coke or pepsi zero at like 8pm üòî,1,0,0
2023-01-25 04:13:34+00:00,1.6181E+18,MonogramProto,@Rito_the_furry Cuz both coke and pepsi are bad,0,0,1
2023-01-25 04:13:31+00:00,1.6181E+18,Rynetheman,"@MidniteOil55 1) McDonalds Fountain Coke
2) Mexican Cane Sugar Coke
3) Pepsi
4) Coke

Is that specific enough AJ üòÅ",1,0,1
2023-01-25 04:13:11+00:00,1.6181E+18,Proletariat_J,"@MikeFulty @ImmortalTech Immortal Technique is from Harlem. Soda in this instance is hfcs drinks, lingual NY thing. Coke, Pepsi, rc and the like. In the Midwest a person might say ""pop"" instead.",0,0,0
2023-01-25 04:12:55+00:00,1.6181E+18,JustMagsMags,"@MidniteOil55 Having drunk diet pepsi like water for 40+ years, I finally lost my taste for any soda pop.  It's water, sparkling water, coffee or tea for the last 6 years.",0,0,1
2023-01-25 04:12:48+00:00,1.6181E+18,swissouI,"is there‚Äôs anyone i trust to make punk come back that person is danhausen
ily dan please throw some curses around and bring pepsi phil back",0,0,2
2023-01-25 04:12:25+00:00,1.6181E+18,grodhome,@MidniteOil55 A burger and a Pepsi is awesome and ribs and a Coke is amazing,0,0,1
2023-01-25 04:12:16+00:00,1.6181E+18,chaeceah,@JOHNNYSUHCORE not pepsi tho üòãüòãüòãüòãüòã https://t.co/uSkzpZ5cHe,1,0,0
2023-01-25 04:11:50+00:00,1.6181E+18,Pepsi_the_Can,@Pepsi_the_Cutie Mrow,0,0,1
2023-01-25 04:11:27+00:00,1.6181E+18,chaeceah,@theneoprint pepsi is the best drink what u talking about https://t.co/41lEss2a2f,0,0,0
2023-01-25 04:11:18+00:00,1.6181E+18,luvtheblues,@MidniteOil55 Pepsi literally all day! ü§£ I always have a can in my hand or nearby. Coke nope‚Ä¶for some reason I could stretch my spit coast to coast after drinking it.,0,0,1
2023-01-25 04:11:11+00:00,1.6181E+18,JinandTakaya,I probably sound like a broken record at this point but Engage is so good and fun; anyone skipping it because the Pepsi/Colgate hair legitimately looks stupid is seriously missing out.,1,0,0
2023-01-25 04:11:07+00:00,1.6181E+18,Winter611Love,"@manbearchipmunk @MidniteOil55 I will follow you now.
Pepsi.
Pop.
You rule!",0,0,0
2023-01-25 04:10:47+00:00,1.6181E+18,chaeceah,@majaehs pepsi DETHRONES dr pepper lexi pls be so FR taste like backwash,0,0,0
2023-01-25 04:10:36+00:00,1.6181E+18,AvsIdaho,@NHL @pepsi Is there a water bottle toss competition?  I'd love to see him lose that too,0,0,1
2023-01-25 04:09:51+00:00,1.6181E+18,SammyCoroika,"Rawr!

Pronouns - She/Her
Height - 5'2""
Zodiac - Sagittarius
Tattoos: none
Piercings: Tom Nook earrings on both ears
Fav colors: Aqua blue and green
Fav drink: Pepsi
Fav show: The Super Mario Bros super show
Fav movie: Jurassic World
Fav game: Animal Crossing New Horizons",0,0,1
2023-01-25 04:09:35+00:00,1.6181E+18,MariannaDeBolt,@MidniteOil55 Pepsi with lots of ice.,0,0,1
2023-01-25 04:08:56+00:00,1.6181E+18,Master_Wain,@ChubberGuard Ahh you got me! Yes I do drink tea at Chinese restaurants. Ok it‚Äôs between Pepsi and Kool Aid. Last drink standing can stay üòÇ,1,0,1
2023-01-25 04:08:53+00:00,1.6181E+18,JasonAtSBWP,"@MidniteOil55 I cut way back on soda after some horrible issues with kidney stones. I was mostly a Pepsi guy, but nothing beats a Coca Cola from McDonald's.",1,0,1
2023-01-25 04:08:52+00:00,1.6181E+18,user11111111089,@nyjets @iamSauceGardner @GarrettWilson_V @pepsi hutch unfortunately clears,0,0,0
2023-01-25 04:07:48+00:00,1.6181E+18,Lauralives20,"@MidniteOil55 Always a Diet Coke gal! One Summer in my teens/college at the Cape we drank crystal Pepsi! Incredible rebellion, LOL!",1,0,1
2023-01-25 04:07:39+00:00,1.6181E+18,herberts_art,@HeadlessStatue you‚Äôre right but I didn‚Äôt have enough money to buy tea and there was a Pepsi in the fridge üíî,1,0,1
2023-01-25 04:07:18+00:00,1.6181E+18,niks_1985,"Doors of India was finally opened for business. Coca Cola and Pepsi came first. Then came lower import duty on computers. Infy, TCS, Wipro followed. We got the gold back and FIIs started to flow. India story started. A complete overhaul of India.",1,2,5
2023-01-25 04:06:51+00:00,1.6181E+18,lukeboicos,@TairaKruspe @NHL @pepsi One can only hope,0,0,0
2023-01-25 04:06:38+00:00,1.6181E+18,AshWatchingTV,"You can go ahead and get rid of Pepsi, Kool-Aid AND tea for all I care",0,0,0
2023-01-25 04:06:30+00:00,1.6181E+18,herberts_art,@HeadlessStatue Pepsi thoug‚Ä¶.,1,0,1
2023-01-25 04:05:55+00:00,1.6181E+18,herberts_art,@HeadlessStatue oh I forgot I also have a Pepsi,1,0,1
2023-01-25 04:04:50+00:00,1.6181E+18,redbeard_1960,@MidniteOil55 When I was a kid it was Pepsi.  I prefer Coke now,1,0,1
2023-01-25 04:04:07+00:00,1.6181E+18,Lady_Paradyz,@SjamaanN Pepsi AND KOOL-aid how bout dat?,0,0,0
2023-01-25 04:03:41+00:00,1.6181E+18,PacheSzn,@GooniesNvrSeyDy @NFL @pepsi He had meaningful snaps in 6 regular season games. Roughly 1/3 of the season. He played great but that‚Äôs why,0,0,0
2023-01-25 04:03:31+00:00,1.6181E+18,kristimomfnp,"Pepsi owes that man a jet, and everyone should have a Todd in their life.",0,0,0
2023-01-25 04:03:00+00:00,1.6181E+18,gay_close,"@MidniteOil55 I was raised on Pepsi‚Ä¶However, I will happily drink either one!üòÉüëçüèº
(As long as it‚Äôs not ‚Äúdiet‚Äù.)",0,0,1
2023-01-25 04:02:34+00:00,1.6181E+18,grodhome,@MidniteOil55 Pepsi fast food Coke BBQ,1,0,3
2023-01-25 04:02:30+00:00,1.6181E+18,TitlesBot,Paper Eggman Steals a Large Bottle of Pepsi from Matt From Wii Sports And Steals a Can of Beans from Sonic DX &amp; Knuckles New Horizons (PS4 Exclusive!)  is the latest game announced by Sony. It will be releasing in 4471.,0,0,0
2023-01-25 04:01:52+00:00,1.6181E+18,WineloverSFCA,@MidniteOil55 Pepsi Lady here! üòä,0,0,1
2023-01-25 04:01:45+00:00,1.6181E+18,whoknows197563,@RicManuelSuarez @jackryan212 Nope when we went into the cities I even had to buy my Pepsi. Stealing anything would have been punished. We plotted through nasariyah and a few weeks later the shops were back open even.,0,0,1
2023-01-25 04:01:18+00:00,1.6181E+18,IonutMid,@NFL @pepsi Where is purdy?,0,0,0
2023-01-25 04:01:15+00:00,1.6181E+18,GhastlySilver,@Rampo_VR You are priceless Rampog but yeah provided you leave the pepsi max at the door.,1,0,1
2023-01-25 04:00:20+00:00,1.6181E+18,Elinor276and16,"@MidniteOil55 Coke. Will Pepsi do? Oh, no, please make it water.",0,0,1
2023-01-25 03:59:41+00:00,1.6181E+18,thetetrisking,im drinking pepsi so you know i am absolutely insane,0,1,5
2023-01-25 03:59:34+00:00,1.6181E+18,Russell60501325,@MadScientistFF When its Pepsi. https://t.co/SvzJXz4jrz,0,0,0
2023-01-25 03:59:13+00:00,1.6181E+18,scottboldtphoto,"Pepsi, Kool-Aid, and Tea can ALL get out",0,0,0
2023-01-25 03:58:38+00:00,1.6181E+18,SomewhatHarmles,"@MidniteOil55 For me it is Coca Cola. No need for ice, dilutes the good stuff. Pepsi is fine but it isn't the same.",0,0,1
2023-01-25 03:58:28+00:00,1.6181E+18,manbearchipmunk,@MidniteOil55 Pepsi but I really don't drink pop anymore,1,0,2
2023-01-25 03:57:57+00:00,1.6181E+18,YashMania_,"Choose your Idols wisely üòå

Chilre Kaas ge Rummy matte Beer Ad Madiro Lucha elli ,  Pepsi ge across India Brand Ambassador agiro nam BOSS elli , Range Matters üî•ü§ô

#YashBOSS #Yash19 @TheNameIsYash https://t.co/xzipNk7YDR",0,31,92
2023-01-25 03:57:35+00:00,1.6181E+18,McelroyRietta,@MidniteOil55 Coke. Pepsi is too sweet tasting to me....,0,0,1
2023-01-25 03:57:17+00:00,1.6181E+18,zlettyzlefty,"i drink pepsi tho cos it killed allende and he was stupid
like trotsky",0,0,0
2023-01-25 03:57:12+00:00,1.6181E+18,willthethrillq,@MidniteOil55 Coke with Jack. Pepsi by itself,1,0,1
2023-01-25 03:56:53+00:00,1.6181E+18,RD28327,"Folks wanting to argue about which is better, Coke or Pepsi ... Is the Apocalypse drawing near???  üò≤üò±üôÄüôÑüò≥ü§®ü•§",0,0,0
2023-01-25 03:56:48+00:00,1.6181E+18,NobleBruv,"@NickJFuentes Love that Nick is back under his real account. However, Chum Bucket, Pepsi nitro, and spooky goblin will have a special place in our hearts ngl",1,1,19
2023-01-25 03:56:36+00:00,1.6181E+18,cel_n_c_uhhhh,"I stay quiet when yall argue about soda vs pop because where I'm from, it's coke. Whether you're asking for a sprite, root beer, Pepsi, Mr. Pibb - it don't matter. It's all a coke.",0,0,0
2023-01-25 03:55:58+00:00,1.6181E+18,ItsAaron_5,"@Shuttlecock I'd pick koolaid, but I could honestly live without it or pepsi, coffee and tea are necessities, though. lol",0,0,0
2023-01-25 03:55:33+00:00,1.6181E+18,dustinpjones,"@ICuRaRook I‚Äôve enjoyed both at different times in my life, but there is only one right answer. And it ain‚Äôt Pepsi.",0,0,2
2023-01-25 03:54:19+00:00,1.61809E+18,craftyredmex,@ICuRaRook Pepsi gang for life,0,0,0
2023-01-25 03:53:59+00:00,1.61809E+18,joshyyc,@AndrewYang I heard it passed the Pepsi challenge. We should all be worried.,0,0,0
2023-01-25 03:53:50+00:00,1.61809E+18,gregmaletic,"@Chaiverson When the park opened, Monsanto sponsored Circlevision, Pepsi sponsored Country Bears, Eastern Airlines sponsored If You Had Wings, McDonnell-Douglas did Mission To Mars, Florida Orange Growers sponsored Tropical Serenade. Over the park‚Äôs history, sponsorship is the norm.",0,0,0
2023-01-25 03:53:00+00:00,1.61809E+18,shiftyscute,@Woolen_for_DROY @NFL @Kenneth_Walker9 @pepsi Makes no sense because woolen is better than sauce sauce is just the bigger name,0,0,0
2023-01-25 03:52:38+00:00,1.61809E+18,haikel_areff,@1Obefiend kfc is not the same without pepsi!!!,0,0,0
2023-01-25 03:52:35+00:00,1.61809E+18,Shady_Knight09,@Cedrik1699 Pepsi-chan is secretly a Joestar.,0,0,1
2023-01-25 03:52:11+00:00,1.61809E+18,i_Nishan_,"Why I‚Äôm remembering jalikattu protest now ü§î 

Broke coke/Pepsi bottles on road those days with Tamil sentiments.. now coke studio comes with Tamil sentiments.. 

Always brand wins.. marketing wins.. üí™ 

https://t.co/fIuocflkMX",0,0,0
2023-01-25 03:51:42+00:00,1.61809E+18,BluPawRadio,Blu Paw Radio is playing SAINT PEPSI - Interlude TUNE IN at https://t.co/5PHCD5t1l3 Requests: Off,0,0,0
2023-01-25 03:51:42+00:00,1.61809E+18,MidniteOil55,"Coke or Pepsi? And please, don‚Äôt lecture me I do know the ingredients.

Thanks in advance ‚ù§Ô∏èüëç https://t.co/3uZXCrcNCw",161,4,110
2023-01-25 03:49:50+00:00,1.61809E+18,ConstableCurt,"@MadScientistFF In @pepsi bottles and cans! 

I look for places that serve Pepsi rather than Woke~a~cola.",0,0,0
2023-01-25 03:49:31+00:00,1.61809E+18,Bekg1953,"@culvers @AbbyMusic12 @pepsi @CocaCola Coke is Woke and I thought Culver‚Äôs had balls..they caved, no more Culver‚Äôs for my family..",0,0,0
2023-01-25 03:49:21+00:00,1.61809E+18,raynaxmarie,@smellenflowers pepsi man take me by the hand and lead me to the land that you pepsistand,0,1,7
2023-01-25 03:48:42+00:00,1.61809E+18,CourtMaggard,"her job selling directly to a patient. Fine. Start walking back to my room with my IV pole thingy. Found a nice older man, offered to buy him a Pepsi if he‚Äôd snag us both one. He was down for the job. Currently, waiting around the corner out of site, for the loot. Deal done. ü§£",1,0,6
2023-01-25 03:48:41+00:00,1.61809E+18,CourtMaggard,"Feeling a bit better tonight (in the hospital), so I take a walk and go to the ground floor cafeteria to grab a Pepsi (all vendor machines in the hallways payment systems down). Get down there, grab my Pepsi and got in line to pay. Turned down. Attendant said she could lose‚Ä¶",2,0,3
2023-01-25 03:48:16+00:00,1.61809E+18,JOHNESEPHTON,"Loved Pepsi, Where‚Äôs My Jet? But what‚Äôs going on on with the location of this riot footage standing in for the Philippines? Looks like Leeds or Belfast. After all the due diligence, it‚Äôs a shame someone got lazy in the edit. It matters coz this stuff pulls you out @Andrew_Fried",1,0,0
2023-01-25 03:47:37+00:00,1.61809E+18,dinardi911,"@BillyM2k @lulumeservey Jesus Christ!  I don‚Äôt know why, but this just made me shoot Diet Pepsi out of my nose.   You sir, won the interwebs for the day!  Thanks for the great laugh",0,0,0
2023-01-25 03:47:30+00:00,1.61809E+18,bobx2034,@FudgenFunPop I actively dislike tea and I don‚Äôt like coffee but Pepsi can go,0,0,1
2023-01-25 03:47:12+00:00,1.61809E+18,WizardofZardoz,@marjolycookie Hopefully he remembers to brush with Colgate to keep dem teeth white and clean after consuming all that Pepsi.,0,0,0
2023-01-25 03:47:09+00:00,1.61809E+18,andrewphung,"Whoa, hearing the sad news that the Co-op at the Village Square Leisure Centre is closing in March. A sad day for NE Calgary. Many generations of kids carried their bathing suits in plastic bags from here. Gotta rip a ride down the Pepsi Thunder Run for another fallen icon.",3,2,64
2023-01-25 03:46:52+00:00,1.61809E+18,KimJongUn33,"Pepsi, full of sugar and caffeine. Rot your teeth.",0,0,1
2023-01-25 03:46:09+00:00,1.61809E+18,CatDadd33,@SjamaanN Definitely Pepsi,0,0,0
2023-01-25 03:45:42+00:00,1.61809E+18,carboncompanies,Greetings eco-friendlies! Today we have everyone's favorite eco-unfriendly company Pepsi is partially responsible for HALF A MILLION tonnes of plastic pollutionüò∑! Did you know  climate change is a real thing!  Find out what else is swept underneath the rug!,0,0,0
2023-01-25 03:45:32+00:00,1.61809E+18,Nuzzyfuts55,@hazumiaileen It just looks like a disappointing white russian and that makes me even more sad than the concept of milk and pepsi already did.,0,0,0
2023-01-25 03:45:13+00:00,1.61809E+18,Chip_Undying,"@Pepsi_the_Cutie Nothing, just hornyposting.",0,0,0
2023-01-25 03:44:48+00:00,1.61809E+18,Greentee99,@CHPSouthSac @kcranews @ABC10 @CBSSacramento @FOX40 @kfbk The story should be corrected. The officer did not pull the suspect from the last car he attempted to carjack. That was done by a good samaritan who works for Pepsi who was driving by at the time with his boss. He dragged the suspect away from the car and put him to the ground.,0,0,0
2023-01-25 03:44:43+00:00,1.61809E+18,FakeNewsNerd,@SjamaanN Pepsi - taste is so nasty to me.,0,0,0
2023-01-25 03:44:30+00:00,1.61809E+18,tismehillirooo1,@truth_uni @KimCarolinaLive @Stormy_Iife Pepsi all the way but only for a treat otherwise water is my companion daily,1,0,1
2023-01-25 03:44:08+00:00,1.61809E+18,bearcappuccino,@harpergruffy I started drinking Pepsi max to stay safe,0,0,0
2023-01-25 03:44:03+00:00,1.61809E+18,Mike_W_Simpson,"@RingsideRundown @shalenehixon21 @WrestlingChron @shalenehixon21 you‚Äôve won my eternal favour from this podcast. I 100% agree, Pepsi is an abomination! Great episode you two! Look forward to the #RoyalRumble recap next week!",1,0,2
2023-01-25 03:43:49+00:00,1.61809E+18,AnushaLatheef,"@TheNameIsYash @PepsiIndia If you could have promoted something else than pepsi, it would have been great. Encouraging fizzy drinks and endorsing them is not a healthy lifestyle. My thought on this.",0,0,0
2023-01-25 03:43:22+00:00,1.61809E+18,ArtinHeaven2944,"pork #Parasites don't like #Pepsi!! When you pour Pepsi on Pork meat the parasites comes outüò±

https://t.co/AnKdo21RLB

#Health
#ViralVideos
#Food
#Video
#meat 
#Experiment 
#Trending 
#videoviraltwitter",0,0,0
2023-01-25 03:43:11+00:00,1.61809E+18,140nly,"""Hey, I'd like a coke please."" ""Is pepsi ok?"" ""Is monopoly money ok?"" #teamfollowback",0,0,0
2023-01-25 03:42:43+00:00,1.61809E+18,AlexThouGreat,@RebelNewsOnline Democracy is being offered a choice between Coke or Pepsi as your foot is being amputated from diabetes,0,0,0
2023-01-25 03:42:30+00:00,1.61809E+18,DtxNezzyy,"i went from drinking a soda once a month to bussing open pepsi‚Äôs every day! lord pls, im tired of drinking them but they just so good",0,0,1
2023-01-25 03:42:16+00:00,1.61809E+18,Kari_Shimai,@hazumiaileen too much milk not enough pepsi ngl i think you need a redo,0,0,0
2023-01-25 03:41:59+00:00,1.61809E+18,TafariNichols,"@yardtalkhbcu @theswac @pepsi Men lie women lie numbers don't, it's been year's since so many HBCU's have been under funding. Now we know why ü§î. Now this is journalism.  Showing your work like Roland Martin always preached.  Head yo head on a swivel lady!",0,0,0
2023-01-25 03:41:53+00:00,1.61809E+18,Carianita_cls,Basically cause Coke is better.. chao ‚úåÔ∏è pepsi..,0,0,0
2023-01-25 03:41:19+00:00,1.61809E+18,sportsguymatt,@nyjets @iamSauceGardner @GarrettWilson_V @pepsi Is it too late? I voted like 10 times per email https://t.co/0uxo21dknG,0,0,0
2023-01-25 03:38:46+00:00,1.61809E+18,void08792991,@pepsi i love pepsi!,0,0,0
2023-01-25 03:38:43+00:00,1.61809E+18,piIotpen,@contramundums the 1185 version of pilk (pepsi milk),0,0,2
2023-01-25 03:38:32+00:00,1.61809E+18,JusDahl,"I don‚Äôt eat eggs. I didn‚Äôt know about the inflation until y‚Äôall started talking about it on this app. 

If the price of Pepsi goes up, *cue BOB by Outkast*",0,0,1
2023-01-25 03:38:19+00:00,1.61809E+18,sxoap_,"‚†Ä 
he was pleased to see simon in the kitchen , nodding in response to the showers being a good installment .

"" ùëöùò©ùëö , ùëëùëñùëë ùëöùëí ùë†ùëúùëöùëí ùëîùëúùëúùëë ùë°ùëúùëú ""

he took a can of ice cold pepsi from the fridge and chugged it down , god that tasted so good and he was ‚Äî ‚á£
‚†Ä",1,0,0
2023-01-25 03:38:06+00:00,1.61809E+18,DanielRaz_Fit,"Pepsi is more expensive than water

Big macs are more expensive than eggs

A PS5 is more expensive than a pair of dumbbells

Unhealthy habits can be more expensive than healthy habits.",2,0,0
2023-01-25 03:38:04+00:00,1.61809E+18,BotForFakeNews_,New Mexico Man Jailed After Allegedly Dousing Circle K Employee with Pepsi,0,0,0
2023-01-25 03:37:14+00:00,1.61809E+18,SuperPepsiman,Everyone should drink some Pepsi right now,0,0,0
2023-01-25 03:36:26+00:00,1.61809E+18,truth_uni,@KimCarolinaLive @Stormy_Iife It was a toss for me. Pepsi or Koolaid,1,0,0
2023-01-25 03:36:19+00:00,1.61809E+18,jameshritz,"Sorry, but if you‚Äôre a restaurant or hotel that serves @pepsi products, then you‚Äôre a second rate establishment trying to cut corners. 

Btw, if you‚Äôre willing to cut corners on soda, who knows what you‚Äôll do with your food or accommodations.",0,1,1
2023-01-25 03:35:06+00:00,1.61809E+18,J_Angel_482,"@SjamaanN Pepsi, I hate that shit",0,0,0
2023-01-25 03:35:03+00:00,1.61809E+18,angelicaaliad,"WTS/LFB

Blackpink Photocards Pepsi/ Japan PC

-On hand
-10/10 condition
-Not for sensitive
-PAYO

DM üíó

MOP: GCash/Metrobank
MOD: Lalamove/GrabExpress, Flash Express, J&amp;T Direct

üìçSan Pedro Laguna

üè∑ Bornpink Photocards, Lisa, Ros√©, Jennie, Jisoo, Pink Venom, Born Pink https://t.co/PNsx7HPs5i",0,0,0
2023-01-25 03:34:47+00:00,1.61809E+18,RapdaxGaming,@sprouty278 Same with the Pepsi thing,0,0,2
2023-01-25 03:34:38+00:00,1.61809E+18,dolly_note,"Dolly Note: As most southerners, I grew up drinking Coke-Cola, &amp; a lot of it. When Coke went woke I went to Pepsi. I don't like root beer but If I did, I would not drink A&amp;W. And now to hell with M&amp;Ms.
GOING FLAT:Iconic American soft drink latest company to bow to ‚Äòwoke‚Äô culture",1,1,3
2023-01-25 03:34:13+00:00,1.61809E+18,vammysem,@Jenn3tte @pepsi_is_great ive started using it just to be cutesy and idk if its annoying or not to others or others think im weird for it or something AND IDK DJHEJKBEJR,0,0,0
2023-01-25 03:34:12+00:00,1.61809E+18,LOYALBADD7,Cherry üçí Pepsi never disappoints,0,0,0
2023-01-25 03:33:47+00:00,1.61809E+18,cockremover,going to my drug dealer and having him ask me if pepsi is okay,0,0,6
2023-01-25 03:33:42+00:00,1.61809E+18,losj42,@poyo2812 @yardtalkhbcu @theswac @pepsi Same reason why there are multiple MLK parades instead of building one big great parade.,0,0,0
2023-01-25 03:32:57+00:00,1.61809E+18,Niiquill,@NFL @pepsi Sauce,0,0,0
2023-01-25 03:32:38+00:00,1.61809E+18,anastasia77700,@Rhi_Wx @Tempest_Artz Yeah. Apparently Pepsi came out with Pepsi Zero and it‚Äôs supposed to be similar to Pepsi Max but I‚Äôm kind of hesitant to try it lol.,0,0,1
2023-01-25 03:31:51+00:00,1.61809E+18,two_cakez,Without twitter I would have never known Culver‚Äôs had Pepsi products,0,0,1
2023-01-25 03:31:38+00:00,1.61809E+18,ThomasAwful,@TastelessAlex I feel like I too have taken advantage of free soda there before too. Pepsi Max or some other random bev,0,0,1
2023-01-25 03:31:23+00:00,1.61809E+18,robotmae3000,oh god oh crystal pepsi,0,0,0
2023-01-25 03:31:17+00:00,1.61809E+18,mbdearmoun,@culvers are you really dropping @pepsi?,0,1,0
2023-01-25 03:30:12+00:00,1.61809E+18,smiznith,I don‚Äôt even drink coffee and Pepsi gotta go,1,0,0
2023-01-25 03:29:54+00:00,1.61809E+18,GerspacherSky,@SjamaanN dump the Pepsi,0,0,0
2023-01-25 03:29:24+00:00,1.61809E+18,beIIescore,"hi everyone! free entrance and first come, first serve basis po yung jb x pepsi event.",0,1,3
2023-01-25 03:29:16+00:00,1.61809E+18,SparkCartoons,@SjamaanN Pepsi. I cannot handle the taste of it though.,0,0,0
2023-01-25 03:28:32+00:00,1.61809E+18,nz_sheriff,@G6throughF5 @coke @pepsi go woke go broke,0,0,0
2023-01-25 03:28:07+00:00,1.61809E+18,parkprimus,"@LeftTheCoast I don‚Äôt fly unless I absolutely need to. If I can drive, I drive, I don‚Äôt care how long it takes. I am the master of my own domain and not saying a prayer to myself to give the pilot strength to see strait while we plummet to the ground going 123mph in a Pepsi can  I‚Äôm good.",0,0,0
2023-01-25 03:27:54+00:00,1.61809E+18,nolongerdfh,2 of these can immediately go. Goodbye Pepsi and Kool Aid,1,0,0
2023-01-25 03:27:39+00:00,1.61809E+18,BellaSF49,"@SjamaanN Take 2, Pepsi and Coolaide.",0,0,0
2023-01-25 03:27:38+00:00,1.61809E+18,Anthony71455545,@COLA_NO_PEPSI 2003 I was on the downside of my military career,0,0,1
2023-01-25 03:27:29+00:00,1.61809E+18,g_madhukesh,"Pepsi Pepsi Pepsi
I don't like it..
I avoid

But Pepsi like me I can't avoid..

New Brand Ambassador for @PepsiIndia Sri @TheNameIsYash Congratulations..

#Yash #Yash19",0,1,1
2023-01-25 03:27:05+00:00,1.61809E+18,revueoflove,@CurlySquare TRUE BRING THAT PEPSI BOTTLE ON THE AIRPLANE,0,0,0
2023-01-25 03:27:02+00:00,1.61809E+18,Anthony71455545,@COLA_NO_PEPSI Now I really feel old. I graduated in 1979,1,0,0
2023-01-25 03:27:00+00:00,1.61809E+18,HT1560700193,"Hi @_PVRCinemas its been a while that @pepsi black tin cans are out of stock in many of your theatres in delhi/ncr ( Eg. D21 dwarka, pvr saket complex etc). You guys are forcing us to move to other theatre chains

I hope it isn't an intentional decision by the management. #PVR",0,0,0
2023-01-25 03:26:51+00:00,1.61809E+18,bnuuykanon,was just offered Normal pepsi tahts so twisted,0,0,0
2023-01-25 03:26:27+00:00,1.61809E+18,yvesaintelly,"note that the sarap together event of jabee x pepsi is a free event. first come, first serve basis po.",1,16,34
2023-01-25 03:25:32+00:00,1.61809E+18,Duchess19701,@SjamaanN Pepsi is useless- should have been coke,0,0,0
2023-01-25 03:24:55+00:00,1.61809E+18,EricWil29344766,@MadScientistFF I drink PEPSI https://t.co/wqtorrn80o,0,0,0
2023-01-25 03:24:55+00:00,1.61809E+18,ChrisInCali_420,@NFL @pepsi Hands down. https://t.co/x8XF30nbGR,0,0,1
2023-01-25 03:24:45+00:00,1.61809E+18,rofldrg,@rookuri_ Oh no... DIET Pepsi? I think you're setting yourself up for failure. Please run to the store and get like a bottle of normal ass pepsi.,0,0,2
2023-01-25 03:24:43+00:00,1.61809E+18,Baabs17,@SjamaanN I don‚Äôt drink coffee or Koolaid and I rarely drink tea but every time I would  vote out Pepsiü§Æ,0,0,2
2023-01-25 03:24:42+00:00,1.61809E+18,sprouty278,Coca Cola is literally in the same state as me but I like Pepsi more,2,0,5
2023-01-25 03:24:27+00:00,1.61809E+18,SirCuntTheFirst,"""Actions have consequences."" I said to myself as I mix Coke with Pepsi.",0,0,0
2023-01-25 03:23:42+00:00,1.61809E+18,Alexbashestv,Eduardo to Alejandro: Sofia thought I was the guy who restocked the Pepsi machine  #CaboUS,0,0,2
